canonical_card_id,card_name,raw_print_label,normalized_variant_class,language,source,source_url,evidence_status,observed_at,physical_family_complete
OP01-120,Shanks,Romance Dawn,base,English,Limitless,https://onepiece.limitlesstcg.com/cards/OP01-120,catalog_explicit,2026-10-05,false
OP01-120,Shanks,Romance Dawn aa,alternate_art,English,Limitless,https://onepiece.limitlesstcg.com/cards/OP01-120?v=1,catalog_explicit,2026-10-05,false
OP01-120,Shanks,Romance Dawn manga,manga_art,English,Limitless,https://onepiece.limitlesstcg.com/cards/OP01-120?v=2,catalog_explicit,2026-10-05,false
OP01-120,Shanks,Prize Cards serial,serialized,English,Limitless,https://onepiece.limitlesstcg.com/cards/OP01-120?v=3,catalog_explicit,2026-10-05,false
OP01-120,Shanks,One Piece The Best aa,alternate_art_reprint,English,Limitless,https://onepiece.limitlesstcg.com/cards/OP01-120?v=4,catalog_explicit,2026-10-05,false
OP01-001,Roronoa Zoro,Romance Dawn,base,English,Limitless,https://onepiece.limitlesstcg.com/cards/OP01-001,catalog_explicit,2026-10-05,false
OP01-001,Roronoa Zoro,Romance Dawn aa,alternate_art,English,Limitless,https://onepiece.limitlesstcg.com/cards/OP01-001,catalog_explicit,2026-10-05,false
OP01-001,Roronoa Zoro,Premium Card Collection -25th Edition-,commemorative_reprint,English,Limitless,https://onepiece.limitlesstcg.com/cards/OP01-001,catalog_explicit,2026-10-05,false
OP01-003,Monkey.D.Luffy,Romance Dawn,base,English,Limitless,https://onepiece.limitlesstcg.com/cards/OP01-003,catalog_explicit,2026-10-05,false
OP01-003,Monkey.D.Luffy,Romance Dawn aa,alternate_art,English,Limitless,https://onepiece.limitlesstcg.com/cards/OP01-003?v=1,catalog_explicit,2026-10-05,false
P-001,Monkey.D.Luffy,Promotion Pack 2022,base_promo,English,Limitless,https://onepiece.limitlesstcg.com/cards/P-001,catalog_explicit,2026-10-05,false
P-001,Monkey.D.Luffy,Misc. Promos,promo_reprint,English,Limitless,https://onepiece.limitlesstcg.com/cards/P-001,catalog_explicit,2026-10-05,false
P-001,Monkey.D.Luffy,Prize Cards fa,full_art_prize,English,Limitless,https://onepiece.limitlesstcg.com/cards/P-001,catalog_explicit,2026-10-05,false
P-001,Monkey.D.Luffy,Premium Card Collection -25th Edition-,commemorative_reprint,English,Limitless,https://onepiece.limitlesstcg.com/cards/P-001,catalog_explicit,2026-10-05,false
P-001,Monkey.D.Luffy,Prize Cards aa,alternate_art_prize,English,Limitless,https://onepiece.limitlesstcg.com/cards/P-001,catalog_explicit,2026-10-05,false
P-001,Monkey.D.Luffy,Gift Collection 2023,gift_collection,English,Limitless,https://onepiece.limitlesstcg.com/cards/P-001,catalog_explicit,2026-10-05,false
P-001,Monkey.D.Luffy,Regional Participation Pack 2024 Vol.2,regional_participation,English,Limitless,https://onepiece.limitlesstcg.com/cards/P-001,catalog_explicit,2026-10-05,false
P-001,Monkey.D.Luffy,Premium Card Collection -Bandai Card Games Fest. 23-24 Edition-,premium_event_collection,English,Limitless,https://onepiece.limitlesstcg.com/cards/P-001,catalog_explicit,2026-10-05,false
ST11-003,Backlight,Uta,base,English,Limitless,https://onepiece.limitlesstcg.com/cards/ST11-003,catalog_explicit,2026-10-05,false
ST11-003,Backlight,Uta Deck Battle Participation Pack,participation_pack,English,Limitless,https://onepiece.limitlesstcg.com/cards/ST11-003,catalog_explicit,2026-10-05,false
ST11-003,Backlight,GREEN Uta,reprint,English,Limitless,https://onepiece.limitlesstcg.com/cards/ST11-003,catalog_explicit,2026-10-05,false
