app_set_id,legacy_comparison_set_id,set_name,collector_number,variant_type,foil_pattern,eligible,source,source_commit,source_path,evidence_status,observed_at
sv08.5,sv8pt5,Prismatic Evolutions,003,reverse,pokeball,true,tcgdex/cards-database,99c994747cf7519a3e51166cc932de79a88bd4b3,data/Scarlet & Violet/Prismatic Evolutions/003.ts,provider_explicit,2026-10-05
sv08.5,sv8pt5,Prismatic Evolutions,001,reverse,pokeball,true,tcgdex/cards-database,99c994747cf7519a3e51166cc932de79a88bd4b3,data/Scarlet & Violet/Prismatic Evolutions/001.ts,provider_explicit,2026-10-05
sv08.5,sv8pt5,Prismatic Evolutions,109,reverse,pokeball,true,tcgdex/cards-database,99c994747cf7519a3e51166cc932de79a88bd4b3,data/Scarlet & Violet/Prismatic Evolutions/109.ts,provider_explicit,2026-10-05
sv08.5,sv8pt5,Prismatic Evolutions,047,reverse,pokeball,true,tcgdex/cards-database,99c994747cf7519a3e51166cc932de79a88bd4b3,data/Scarlet & Violet/Prismatic Evolutions/047.ts,provider_explicit,2026-10-05
sv08.5,sv8pt5,Prismatic Evolutions,009,reverse,pokeball,true,tcgdex/cards-database,99c994747cf7519a3e51166cc932de79a88bd4b3,data/Scarlet & Violet/Prismatic Evolutions/009.ts,provider_explicit,2026-10-05
sv08.5,sv8pt5,Prismatic Evolutions,038,reverse,pokeball,true,tcgdex/cards-database,99c994747cf7519a3e51166cc932de79a88bd4b3,data/Scarlet & Violet/Prismatic Evolutions/038.ts,provider_explicit,2026-10-05
sv08.5,sv8pt5,Prismatic Evolutions,061,reverse,pokeball,true,tcgdex/cards-database,99c994747cf7519a3e51166cc932de79a88bd4b3,data/Scarlet & Violet/Prismatic Evolutions/061.ts,provider_explicit,2026-10-05
sv08.5,sv8pt5,Prismatic Evolutions,052,reverse,pokeball,true,tcgdex/cards-database,99c994747cf7519a3e51166cc932de79a88bd4b3,data/Scarlet & Violet/Prismatic Evolutions/052.ts,provider_explicit,2026-10-05
sv08.5,sv8pt5,Prismatic Evolutions,083,reverse,pokeball,true,tcgdex/cards-database,99c994747cf7519a3e51166cc932de79a88bd4b3,data/Scarlet & Violet/Prismatic Evolutions/083.ts,provider_explicit,2026-10-05
sv08.5,sv8pt5,Prismatic Evolutions,062,reverse,pokeball,true,tcgdex/cards-database,99c994747cf7519a3e51166cc932de79a88bd4b3,data/Scarlet & Violet/Prismatic Evolutions/062.ts,provider_explicit,2026-10-05
sv08.5,sv8pt5,Prismatic Evolutions,090,reverse,pokeball,true,tcgdex/cards-database,99c994747cf7519a3e51166cc932de79a88bd4b3,data/Scarlet & Violet/Prismatic Evolutions/090.ts,provider_explicit,2026-10-05
sv08.5,sv8pt5,Prismatic Evolutions,066,reverse,pokeball,true,tcgdex/cards-database,99c994747cf7519a3e51166cc932de79a88bd4b3,data/Scarlet & Violet/Prismatic Evolutions/066.ts,provider_explicit,2026-10-05
sv08.5,sv8pt5,Prismatic Evolutions,071,reverse,pokeball,true,tcgdex/cards-database,99c994747cf7519a3e51166cc932de79a88bd4b3,data/Scarlet & Violet/Prismatic Evolutions/071.ts,provider_explicit,2026-10-05
sv08.5,sv8pt5,Prismatic Evolutions,084,reverse,pokeball,true,tcgdex/cards-database,99c994747cf7519a3e51166cc932de79a88bd4b3,data/Scarlet & Violet/Prismatic Evolutions/084.ts,provider_explicit,2026-10-05
sv08.5,sv8pt5,Prismatic Evolutions,015,reverse,pokeball,true,tcgdex/cards-database,99c994747cf7519a3e51166cc932de79a88bd4b3,data/Scarlet & Violet/Prismatic Evolutions/015.ts,provider_explicit,2026-10-05
sv08.5,sv8pt5,Prismatic Evolutions,124,reverse,pokeball,true,tcgdex/cards-database,99c994747cf7519a3e51166cc932de79a88bd4b3,data/Scarlet & Violet/Prismatic Evolutions/124.ts,provider_explicit,2026-10-05
sv08.5,sv8pt5,Prismatic Evolutions,125,reverse,pokeball,true,tcgdex/cards-database,99c994747cf7519a3e51166cc932de79a88bd4b3,data/Scarlet & Violet/Prismatic Evolutions/125.ts,provider_explicit,2026-10-05
sv08.5,sv8pt5,Prismatic Evolutions,123,reverse,pokeball,true,tcgdex/cards-database,99c994747cf7519a3e51166cc932de79a88bd4b3,data/Scarlet & Violet/Prismatic Evolutions/123.ts,provider_explicit,2026-10-05
sv08.5,sv8pt5,Prismatic Evolutions,122,reverse,pokeball,true,tcgdex/cards-database,99c994747cf7519a3e51166cc932de79a88bd4b3,data/Scarlet & Violet/Prismatic Evolutions/122.ts,provider_explicit,2026-10-05
sv08.5,sv8pt5,Prismatic Evolutions,018,reverse,pokeball,true,tcgdex/cards-database,99c994747cf7519a3e51166cc932de79a88bd4b3,data/Scarlet & Violet/Prismatic Evolutions/018.ts,provider_explicit,2026-10-05
sv08.5,sv8pt5,Prismatic Evolutions,048,reverse,pokeball,true,tcgdex/cards-database,99c994747cf7519a3e51166cc932de79a88bd4b3,data/Scarlet & Violet/Prismatic Evolutions/048.ts,provider_explicit,2026-10-05
sv08.5,sv8pt5,Prismatic Evolutions,053,reverse,pokeball,true,tcgdex/cards-database,99c994747cf7519a3e51166cc932de79a88bd4b3,data/Scarlet & Violet/Prismatic Evolutions/053.ts,provider_explicit,2026-10-05
sv08.5,sv8pt5,Prismatic Evolutions,093,reverse,pokeball,true,tcgdex/cards-database,99c994747cf7519a3e51166cc932de79a88bd4b3,data/Scarlet & Violet/Prismatic Evolutions/093.ts,provider_explicit,2026-10-05
sv08.5,sv8pt5,Prismatic Evolutions,007,reverse,pokeball,true,tcgdex/cards-database,99c994747cf7519a3e51166cc932de79a88bd4b3,data/Scarlet & Violet/Prismatic Evolutions/007.ts,provider_explicit,2026-10-05
sv08.5,sv8pt5,Prismatic Evolutions,050,reverse,pokeball,true,tcgdex/cards-database,99c994747cf7519a3e51166cc932de79a88bd4b3,data/Scarlet & Violet/Prismatic Evolutions/050.ts,provider_explicit,2026-10-05
sv08.5,sv8pt5,Prismatic Evolutions,121,reverse,pokeball,true,tcgdex/cards-database,99c994747cf7519a3e51166cc932de79a88bd4b3,data/Scarlet & Violet/Prismatic Evolutions/121.ts,provider_explicit,2026-10-05
sv08.5,sv8pt5,Prismatic Evolutions,077,reverse,pokeball,true,tcgdex/cards-database,99c994747cf7519a3e51166cc932de79a88bd4b3,data/Scarlet & Violet/Prismatic Evolutions/077.ts,provider_explicit,2026-10-05
sv08.5,sv8pt5,Prismatic Evolutions,107,reverse,pokeball,true,tcgdex/cards-database,99c994747cf7519a3e51166cc932de79a88bd4b3,data/Scarlet & Violet/Prismatic Evolutions/107.ts,provider_explicit,2026-10-05
sv08.5,sv8pt5,Prismatic Evolutions,039,reverse,pokeball,true,tcgdex/cards-database,99c994747cf7519a3e51166cc932de79a88bd4b3,data/Scarlet & Violet/Prismatic Evolutions/039.ts,provider_explicit,2026-10-05
sv08.5,sv8pt5,Prismatic Evolutions,103,reverse,pokeball,true,tcgdex/cards-database,99c994747cf7519a3e51166cc932de79a88bd4b3,data/Scarlet & Violet/Prismatic Evolutions/103.ts,provider_explicit,2026-10-05
sv08.5,sv8pt5,Prismatic Evolutions,087,reverse,pokeball,true,tcgdex/cards-database,99c994747cf7519a3e51166cc932de79a88bd4b3,data/Scarlet & Violet/Prismatic Evolutions/087.ts,provider_explicit,2026-10-05
sv08.5,sv8pt5,Prismatic Evolutions,004,reverse,pokeball,true,tcgdex/cards-database,99c994747cf7519a3e51166cc932de79a88bd4b3,data/Scarlet & Violet/Prismatic Evolutions/004.ts,provider_explicit,2026-10-05
sv08.5,sv8pt5,Prismatic Evolutions,002,reverse,pokeball,true,tcgdex/cards-database,99c994747cf7519a3e51166cc932de79a88bd4b3,data/Scarlet & Violet/Prismatic Evolutions/002.ts,provider_explicit,2026-10-05
sv08.5,sv8pt5,Prismatic Evolutions,101,reverse,pokeball,true,tcgdex/cards-database,99c994747cf7519a3e51166cc932de79a88bd4b3,data/Scarlet & Violet/Prismatic Evolutions/101.ts,provider_explicit,2026-10-05
sv08.5,sv8pt5,Prismatic Evolutions,035,reverse,pokeball,true,tcgdex/cards-database,99c994747cf7519a3e51166cc932de79a88bd4b3,data/Scarlet & Violet/Prismatic Evolutions/035.ts,provider_explicit,2026-10-05
sv08.5,sv8pt5,Prismatic Evolutions,114,reverse,pokeball,true,tcgdex/cards-database,99c994747cf7519a3e51166cc932de79a88bd4b3,data/Scarlet & Violet/Prismatic Evolutions/114.ts,provider_explicit,2026-10-05
sv08.5,sv8pt5,Prismatic Evolutions,104,reverse,pokeball,true,tcgdex/cards-database,99c994747cf7519a3e51166cc932de79a88bd4b3,data/Scarlet & Violet/Prismatic Evolutions/104.ts,provider_explicit,2026-10-05
sv08.5,sv8pt5,Prismatic Evolutions,068,reverse,pokeball,true,tcgdex/cards-database,99c994747cf7519a3e51166cc932de79a88bd4b3,data/Scarlet & Violet/Prismatic Evolutions/068.ts,provider_explicit,2026-10-05
sv08.5,sv8pt5,Prismatic Evolutions,046,reverse,pokeball,true,tcgdex/cards-database,99c994747cf7519a3e51166cc932de79a88bd4b3,data/Scarlet & Violet/Prismatic Evolutions/046.ts,provider_explicit,2026-10-05
sv08.5,sv8pt5,Prismatic Evolutions,089,reverse,pokeball,true,tcgdex/cards-database,99c994747cf7519a3e51166cc932de79a88bd4b3,data/Scarlet & Violet/Prismatic Evolutions/089.ts,provider_explicit,2026-10-05
sv08.5,sv8pt5,Prismatic Evolutions,086,reverse,pokeball,true,tcgdex/cards-database,99c994747cf7519a3e51166cc932de79a88bd4b3,data/Scarlet & Violet/Prismatic Evolutions/086.ts,provider_explicit,2026-10-05
sv08.5,sv8pt5,Prismatic Evolutions,019,reverse,pokeball,true,tcgdex/cards-database,99c994747cf7519a3e51166cc932de79a88bd4b3,data/Scarlet & Violet/Prismatic Evolutions/019.ts,provider_explicit,2026-10-05
sv08.5,sv8pt5,Prismatic Evolutions,016,reverse,pokeball,true,tcgdex/cards-database,99c994747cf7519a3e51166cc932de79a88bd4b3,data/Scarlet & Violet/Prismatic Evolutions/016.ts,provider_explicit,2026-10-05
sv08.5,sv8pt5,Prismatic Evolutions,081,reverse,pokeball,true,tcgdex/cards-database,99c994747cf7519a3e51166cc932de79a88bd4b3,data/Scarlet & Violet/Prismatic Evolutions/081.ts,provider_explicit,2026-10-05
sv08.5,sv8pt5,Prismatic Evolutions,069,reverse,pokeball,true,tcgdex/cards-database,99c994747cf7519a3e51166cc932de79a88bd4b3,data/Scarlet & Violet/Prismatic Evolutions/069.ts,provider_explicit,2026-10-05
sv08.5,sv8pt5,Prismatic Evolutions,088,reverse,pokeball,true,tcgdex/cards-database,99c994747cf7519a3e51166cc932de79a88bd4b3,data/Scarlet & Violet/Prismatic Evolutions/088.ts,provider_explicit,2026-10-05
sv08.5,sv8pt5,Prismatic Evolutions,065,reverse,pokeball,true,tcgdex/cards-database,99c994747cf7519a3e51166cc932de79a88bd4b3,data/Scarlet & Violet/Prismatic Evolutions/065.ts,provider_explicit,2026-10-05
sv08.5,sv8pt5,Prismatic Evolutions,096,reverse,pokeball,true,tcgdex/cards-database,99c994747cf7519a3e51166cc932de79a88bd4b3,data/Scarlet & Violet/Prismatic Evolutions/096.ts,provider_explicit,2026-10-05
sv08.5,sv8pt5,Prismatic Evolutions,099,reverse,pokeball,true,tcgdex/cards-database,99c994747cf7519a3e51166cc932de79a88bd4b3,data/Scarlet & Violet/Prismatic Evolutions/099.ts,provider_explicit,2026-10-05
sv08.5,sv8pt5,Prismatic Evolutions,097,reverse,pokeball,true,tcgdex/cards-database,99c994747cf7519a3e51166cc932de79a88bd4b3,data/Scarlet & Violet/Prismatic Evolutions/097.ts,provider_explicit,2026-10-05
sv08.5,sv8pt5,Prismatic Evolutions,098,reverse,pokeball,true,tcgdex/cards-database,99c994747cf7519a3e51166cc932de79a88bd4b3,data/Scarlet & Violet/Prismatic Evolutions/098.ts,provider_explicit,2026-10-05
sv08.5,sv8pt5,Prismatic Evolutions,126,reverse,pokeball,true,tcgdex/cards-database,99c994747cf7519a3e51166cc932de79a88bd4b3,data/Scarlet & Violet/Prismatic Evolutions/126.ts,provider_explicit,2026-10-05
sv08.5,sv8pt5,Prismatic Evolutions,040,reverse,pokeball,true,tcgdex/cards-database,99c994747cf7519a3e51166cc932de79a88bd4b3,data/Scarlet & Violet/Prismatic Evolutions/040.ts,provider_explicit,2026-10-05
sv08.5,sv8pt5,Prismatic Evolutions,105,reverse,pokeball,true,tcgdex/cards-database,99c994747cf7519a3e51166cc932de79a88bd4b3,data/Scarlet & Violet/Prismatic Evolutions/105.ts,provider_explicit,2026-10-05
sv08.5,sv8pt5,Prismatic Evolutions,025,reverse,pokeball,true,tcgdex/cards-database,99c994747cf7519a3e51166cc932de79a88bd4b3,data/Scarlet & Violet/Prismatic Evolutions/025.ts,provider_explicit,2026-10-05
sv08.5,sv8pt5,Prismatic Evolutions,115,reverse,pokeball,true,tcgdex/cards-database,99c994747cf7519a3e51166cc932de79a88bd4b3,data/Scarlet & Violet/Prismatic Evolutions/115.ts,provider_explicit,2026-10-05
sv08.5,sv8pt5,Prismatic Evolutions,127,reverse,pokeball,true,tcgdex/cards-database,99c994747cf7519a3e51166cc932de79a88bd4b3,data/Scarlet & Violet/Prismatic Evolutions/127.ts,provider_explicit,2026-10-05
sv08.5,sv8pt5,Prismatic Evolutions,120,reverse,pokeball,true,tcgdex/cards-database,99c994747cf7519a3e51166cc932de79a88bd4b3,data/Scarlet & Violet/Prismatic Evolutions/120.ts,provider_explicit,2026-10-05
sv08.5,sv8pt5,Prismatic Evolutions,110,reverse,pokeball,true,tcgdex/cards-database,99c994747cf7519a3e51166cc932de79a88bd4b3,data/Scarlet & Violet/Prismatic Evolutions/110.ts,provider_explicit,2026-10-05
sv08.5,sv8pt5,Prismatic Evolutions,130,reverse,pokeball,true,tcgdex/cards-database,99c994747cf7519a3e51166cc932de79a88bd4b3,data/Scarlet & Violet/Prismatic Evolutions/130.ts,provider_explicit,2026-10-05
sv08.5,sv8pt5,Prismatic Evolutions,095,reverse,pokeball,true,tcgdex/cards-database,99c994747cf7519a3e51166cc932de79a88bd4b3,data/Scarlet & Violet/Prismatic Evolutions/095.ts,provider_explicit,2026-10-05
sv08.5,sv8pt5,Prismatic Evolutions,108,reverse,pokeball,true,tcgdex/cards-database,99c994747cf7519a3e51166cc932de79a88bd4b3,data/Scarlet & Violet/Prismatic Evolutions/108.ts,provider_explicit,2026-10-05
sv08.5,sv8pt5,Prismatic Evolutions,079,reverse,pokeball,true,tcgdex/cards-database,99c994747cf7519a3e51166cc932de79a88bd4b3,data/Scarlet & Violet/Prismatic Evolutions/079.ts,provider_explicit,2026-10-05
sv08.5,sv8pt5,Prismatic Evolutions,106,reverse,pokeball,true,tcgdex/cards-database,99c994747cf7519a3e51166cc932de79a88bd4b3,data/Scarlet & Violet/Prismatic Evolutions/106.ts,provider_explicit,2026-10-05
sv08.5,sv8pt5,Prismatic Evolutions,024,reverse,pokeball,true,tcgdex/cards-database,99c994747cf7519a3e51166cc932de79a88bd4b3,data/Scarlet & Violet/Prismatic Evolutions/024.ts,provider_explicit,2026-10-05
sv08.5,sv8pt5,Prismatic Evolutions,005,reverse,pokeball,true,tcgdex/cards-database,99c994747cf7519a3e51166cc932de79a88bd4b3,data/Scarlet & Violet/Prismatic Evolutions/005.ts,provider_explicit,2026-10-05
sv08.5,sv8pt5,Prismatic Evolutions,063,reverse,pokeball,true,tcgdex/cards-database,99c994747cf7519a3e51166cc932de79a88bd4b3,data/Scarlet & Violet/Prismatic Evolutions/063.ts,provider_explicit,2026-10-05
sv08.5,sv8pt5,Prismatic Evolutions,102,reverse,pokeball,true,tcgdex/cards-database,99c994747cf7519a3e51166cc932de79a88bd4b3,data/Scarlet & Violet/Prismatic Evolutions/102.ts,provider_explicit,2026-10-05
sv08.5,sv8pt5,Prismatic Evolutions,111,reverse,pokeball,true,tcgdex/cards-database,99c994747cf7519a3e51166cc932de79a88bd4b3,data/Scarlet & Violet/Prismatic Evolutions/111.ts,provider_explicit,2026-10-05
sv08.5,sv8pt5,Prismatic Evolutions,067,reverse,pokeball,true,tcgdex/cards-database,99c994747cf7519a3e51166cc932de79a88bd4b3,data/Scarlet & Violet/Prismatic Evolutions/067.ts,provider_explicit,2026-10-05
sv08.5,sv8pt5,Prismatic Evolutions,100,reverse,pokeball,true,tcgdex/cards-database,99c994747cf7519a3e51166cc932de79a88bd4b3,data/Scarlet & Violet/Prismatic Evolutions/100.ts,provider_explicit,2026-10-05
sv08.5,sv8pt5,Prismatic Evolutions,072,reverse,pokeball,true,tcgdex/cards-database,99c994747cf7519a3e51166cc932de79a88bd4b3,data/Scarlet & Violet/Prismatic Evolutions/072.ts,provider_explicit,2026-10-05
sv08.5,sv8pt5,Prismatic Evolutions,042,reverse,pokeball,true,tcgdex/cards-database,99c994747cf7519a3e51166cc932de79a88bd4b3,data/Scarlet & Violet/Prismatic Evolutions/042.ts,provider_explicit,2026-10-05
sv08.5,sv8pt5,Prismatic Evolutions,055,reverse,pokeball,true,tcgdex/cards-database,99c994747cf7519a3e51166cc932de79a88bd4b3,data/Scarlet & Violet/Prismatic Evolutions/055.ts,provider_explicit,2026-10-05
sv08.5,sv8pt5,Prismatic Evolutions,022,reverse,pokeball,true,tcgdex/cards-database,99c994747cf7519a3e51166cc932de79a88bd4b3,data/Scarlet & Violet/Prismatic Evolutions/022.ts,provider_explicit,2026-10-05
sv08.5,sv8pt5,Prismatic Evolutions,070,reverse,pokeball,true,tcgdex/cards-database,99c994747cf7519a3e51166cc932de79a88bd4b3,data/Scarlet & Violet/Prismatic Evolutions/070.ts,provider_explicit,2026-10-05
sv08.5,sv8pt5,Prismatic Evolutions,036,reverse,pokeball,true,tcgdex/cards-database,99c994747cf7519a3e51166cc932de79a88bd4b3,data/Scarlet & Violet/Prismatic Evolutions/036.ts,provider_explicit,2026-10-05
sv08.5,sv8pt5,Prismatic Evolutions,113,reverse,pokeball,true,tcgdex/cards-database,99c994747cf7519a3e51166cc932de79a88bd4b3,data/Scarlet & Violet/Prismatic Evolutions/113.ts,provider_explicit,2026-10-05
sv08.5,sv8pt5,Prismatic Evolutions,080,reverse,pokeball,true,tcgdex/cards-database,99c994747cf7519a3e51166cc932de79a88bd4b3,data/Scarlet & Violet/Prismatic Evolutions/080.ts,provider_explicit,2026-10-05
sv08.5,sv8pt5,Prismatic Evolutions,074,reverse,pokeball,true,tcgdex/cards-database,99c994747cf7519a3e51166cc932de79a88bd4b3,data/Scarlet & Violet/Prismatic Evolutions/074.ts,provider_explicit,2026-10-05
sv08.5,sv8pt5,Prismatic Evolutions,112,reverse,pokeball,true,tcgdex/cards-database,99c994747cf7519a3e51166cc932de79a88bd4b3,data/Scarlet & Violet/Prismatic Evolutions/112.ts,provider_explicit,2026-10-05
sv08.5,sv8pt5,Prismatic Evolutions,057,reverse,pokeball,true,tcgdex/cards-database,99c994747cf7519a3e51166cc932de79a88bd4b3,data/Scarlet & Violet/Prismatic Evolutions/057.ts,provider_explicit,2026-10-05
sv08.5,sv8pt5,Prismatic Evolutions,049,reverse,pokeball,true,tcgdex/cards-database,99c994747cf7519a3e51166cc932de79a88bd4b3,data/Scarlet & Violet/Prismatic Evolutions/049.ts,provider_explicit,2026-10-05
sv08.5,sv8pt5,Prismatic Evolutions,033,reverse,pokeball,true,tcgdex/cards-database,99c994747cf7519a3e51166cc932de79a88bd4b3,data/Scarlet & Violet/Prismatic Evolutions/033.ts,provider_explicit,2026-10-05
sv08.5,sv8pt5,Prismatic Evolutions,045,reverse,pokeball,true,tcgdex/cards-database,99c994747cf7519a3e51166cc932de79a88bd4b3,data/Scarlet & Violet/Prismatic Evolutions/045.ts,provider_explicit,2026-10-05
sv08.5,sv8pt5,Prismatic Evolutions,013,reverse,pokeball,true,tcgdex/cards-database,99c994747cf7519a3e51166cc932de79a88bd4b3,data/Scarlet & Violet/Prismatic Evolutions/013.ts,provider_explicit,2026-10-05
sv08.5,sv8pt5,Prismatic Evolutions,118,reverse,pokeball,true,tcgdex/cards-database,99c994747cf7519a3e51166cc932de79a88bd4b3,data/Scarlet & Violet/Prismatic Evolutions/118.ts,provider_explicit,2026-10-05
sv08.5,sv8pt5,Prismatic Evolutions,043,reverse,pokeball,true,tcgdex/cards-database,99c994747cf7519a3e51166cc932de79a88bd4b3,data/Scarlet & Violet/Prismatic Evolutions/043.ts,provider_explicit,2026-10-05
sv08.5,sv8pt5,Prismatic Evolutions,044,reverse,pokeball,true,tcgdex/cards-database,99c994747cf7519a3e51166cc932de79a88bd4b3,data/Scarlet & Violet/Prismatic Evolutions/044.ts,provider_explicit,2026-10-05
sv08.5,sv8pt5,Prismatic Evolutions,059,reverse,pokeball,true,tcgdex/cards-database,99c994747cf7519a3e51166cc932de79a88bd4b3,data/Scarlet & Violet/Prismatic Evolutions/059.ts,provider_explicit,2026-10-05
sv08.5,sv8pt5,Prismatic Evolutions,008,reverse,pokeball,true,tcgdex/cards-database,99c994747cf7519a3e51166cc932de79a88bd4b3,data/Scarlet & Violet/Prismatic Evolutions/008.ts,provider_explicit,2026-10-05
sv08.5,sv8pt5,Prismatic Evolutions,029,reverse,pokeball,true,tcgdex/cards-database,99c994747cf7519a3e51166cc932de79a88bd4b3,data/Scarlet & Violet/Prismatic Evolutions/029.ts,provider_explicit,2026-10-05
sv08.5,sv8pt5,Prismatic Evolutions,021,reverse,pokeball,true,tcgdex/cards-database,99c994747cf7519a3e51166cc932de79a88bd4b3,data/Scarlet & Violet/Prismatic Evolutions/021.ts,provider_explicit,2026-10-05
sv08.5,sv8pt5,Prismatic Evolutions,054,reverse,pokeball,true,tcgdex/cards-database,99c994747cf7519a3e51166cc932de79a88bd4b3,data/Scarlet & Violet/Prismatic Evolutions/054.ts,provider_explicit,2026-10-05
sv08.5,sv8pt5,Prismatic Evolutions,037,reverse,pokeball,true,tcgdex/cards-database,99c994747cf7519a3e51166cc932de79a88bd4b3,data/Scarlet & Violet/Prismatic Evolutions/037.ts,provider_explicit,2026-10-05
sv08.5,sv8pt5,Prismatic Evolutions,078,reverse,pokeball,true,tcgdex/cards-database,99c994747cf7519a3e51166cc932de79a88bd4b3,data/Scarlet & Violet/Prismatic Evolutions/078.ts,provider_explicit,2026-10-05
sv08.5,sv8pt5,Prismatic Evolutions,020,reverse,pokeball,true,tcgdex/cards-database,99c994747cf7519a3e51166cc932de79a88bd4b3,data/Scarlet & Violet/Prismatic Evolutions/020.ts,provider_explicit,2026-10-05
sv08.5,sv8pt5,Prismatic Evolutions,010,reverse,pokeball,true,tcgdex/cards-database,99c994747cf7519a3e51166cc932de79a88bd4b3,data/Scarlet & Violet/Prismatic Evolutions/010.ts,provider_explicit,2026-10-05
sv08.5,sv8pt5,Prismatic Evolutions,085,reverse,pokeball,true,tcgdex/cards-database,99c994747cf7519a3e51166cc932de79a88bd4b3,data/Scarlet & Violet/Prismatic Evolutions/085.ts,provider_explicit,2026-10-05
sv08.5,sv8pt5,Prismatic Evolutions,094,reverse,pokeball,true,tcgdex/cards-database,99c994747cf7519a3e51166cc932de79a88bd4b3,data/Scarlet & Violet/Prismatic Evolutions/094.ts,provider_explicit,2026-10-05
sv08.5,sv8pt5,Prismatic Evolutions,003,reverse,masterball,true,tcgdex/cards-database,99c994747cf7519a3e51166cc932de79a88bd4b3,data/Scarlet & Violet/Prismatic Evolutions/003.ts,provider_explicit,2026-10-05
sv08.5,sv8pt5,Prismatic Evolutions,001,reverse,masterball,true,tcgdex/cards-database,99c994747cf7519a3e51166cc932de79a88bd4b3,data/Scarlet & Violet/Prismatic Evolutions/001.ts,provider_explicit,2026-10-05
sv08.5,sv8pt5,Prismatic Evolutions,047,reverse,masterball,true,tcgdex/cards-database,99c994747cf7519a3e51166cc932de79a88bd4b3,data/Scarlet & Violet/Prismatic Evolutions/047.ts,provider_explicit,2026-10-05
sv08.5,sv8pt5,Prismatic Evolutions,009,reverse,masterball,true,tcgdex/cards-database,99c994747cf7519a3e51166cc932de79a88bd4b3,data/Scarlet & Violet/Prismatic Evolutions/009.ts,provider_explicit,2026-10-05
sv08.5,sv8pt5,Prismatic Evolutions,038,reverse,masterball,true,tcgdex/cards-database,99c994747cf7519a3e51166cc932de79a88bd4b3,data/Scarlet & Violet/Prismatic Evolutions/038.ts,provider_explicit,2026-10-05
sv08.5,sv8pt5,Prismatic Evolutions,061,reverse,masterball,true,tcgdex/cards-database,99c994747cf7519a3e51166cc932de79a88bd4b3,data/Scarlet & Violet/Prismatic Evolutions/061.ts,provider_explicit,2026-10-05
sv08.5,sv8pt5,Prismatic Evolutions,052,reverse,masterball,true,tcgdex/cards-database,99c994747cf7519a3e51166cc932de79a88bd4b3,data/Scarlet & Violet/Prismatic Evolutions/052.ts,provider_explicit,2026-10-05
sv08.5,sv8pt5,Prismatic Evolutions,083,reverse,masterball,true,tcgdex/cards-database,99c994747cf7519a3e51166cc932de79a88bd4b3,data/Scarlet & Violet/Prismatic Evolutions/083.ts,provider_explicit,2026-10-05
sv08.5,sv8pt5,Prismatic Evolutions,062,reverse,masterball,true,tcgdex/cards-database,99c994747cf7519a3e51166cc932de79a88bd4b3,data/Scarlet & Violet/Prismatic Evolutions/062.ts,provider_explicit,2026-10-05
sv08.5,sv8pt5,Prismatic Evolutions,090,reverse,masterball,true,tcgdex/cards-database,99c994747cf7519a3e51166cc932de79a88bd4b3,data/Scarlet & Violet/Prismatic Evolutions/090.ts,provider_explicit,2026-10-05
sv08.5,sv8pt5,Prismatic Evolutions,066,reverse,masterball,true,tcgdex/cards-database,99c994747cf7519a3e51166cc932de79a88bd4b3,data/Scarlet & Violet/Prismatic Evolutions/066.ts,provider_explicit,2026-10-05
sv08.5,sv8pt5,Prismatic Evolutions,071,reverse,masterball,true,tcgdex/cards-database,99c994747cf7519a3e51166cc932de79a88bd4b3,data/Scarlet & Violet/Prismatic Evolutions/071.ts,provider_explicit,2026-10-05
sv08.5,sv8pt5,Prismatic Evolutions,084,reverse,masterball,true,tcgdex/cards-database,99c994747cf7519a3e51166cc932de79a88bd4b3,data/Scarlet & Violet/Prismatic Evolutions/084.ts,provider_explicit,2026-10-05
sv08.5,sv8pt5,Prismatic Evolutions,015,reverse,masterball,true,tcgdex/cards-database,99c994747cf7519a3e51166cc932de79a88bd4b3,data/Scarlet & Violet/Prismatic Evolutions/015.ts,provider_explicit,2026-10-05
sv08.5,sv8pt5,Prismatic Evolutions,018,reverse,masterball,true,tcgdex/cards-database,99c994747cf7519a3e51166cc932de79a88bd4b3,data/Scarlet & Violet/Prismatic Evolutions/018.ts,provider_explicit,2026-10-05
sv08.5,sv8pt5,Prismatic Evolutions,048,reverse,masterball,true,tcgdex/cards-database,99c994747cf7519a3e51166cc932de79a88bd4b3,data/Scarlet & Violet/Prismatic Evolutions/048.ts,provider_explicit,2026-10-05
sv08.5,sv8pt5,Prismatic Evolutions,053,reverse,masterball,true,tcgdex/cards-database,99c994747cf7519a3e51166cc932de79a88bd4b3,data/Scarlet & Violet/Prismatic Evolutions/053.ts,provider_explicit,2026-10-05
sv08.5,sv8pt5,Prismatic Evolutions,007,reverse,masterball,true,tcgdex/cards-database,99c994747cf7519a3e51166cc932de79a88bd4b3,data/Scarlet & Violet/Prismatic Evolutions/007.ts,provider_explicit,2026-10-05
sv08.5,sv8pt5,Prismatic Evolutions,050,reverse,masterball,true,tcgdex/cards-database,99c994747cf7519a3e51166cc932de79a88bd4b3,data/Scarlet & Violet/Prismatic Evolutions/050.ts,provider_explicit,2026-10-05
sv08.5,sv8pt5,Prismatic Evolutions,077,reverse,masterball,true,tcgdex/cards-database,99c994747cf7519a3e51166cc932de79a88bd4b3,data/Scarlet & Violet/Prismatic Evolutions/077.ts,provider_explicit,2026-10-05
sv08.5,sv8pt5,Prismatic Evolutions,039,reverse,masterball,true,tcgdex/cards-database,99c994747cf7519a3e51166cc932de79a88bd4b3,data/Scarlet & Violet/Prismatic Evolutions/039.ts,provider_explicit,2026-10-05
sv08.5,sv8pt5,Prismatic Evolutions,087,reverse,masterball,true,tcgdex/cards-database,99c994747cf7519a3e51166cc932de79a88bd4b3,data/Scarlet & Violet/Prismatic Evolutions/087.ts,provider_explicit,2026-10-05
sv08.5,sv8pt5,Prismatic Evolutions,004,reverse,masterball,true,tcgdex/cards-database,99c994747cf7519a3e51166cc932de79a88bd4b3,data/Scarlet & Violet/Prismatic Evolutions/004.ts,provider_explicit,2026-10-05
sv08.5,sv8pt5,Prismatic Evolutions,002,reverse,masterball,true,tcgdex/cards-database,99c994747cf7519a3e51166cc932de79a88bd4b3,data/Scarlet & Violet/Prismatic Evolutions/002.ts,provider_explicit,2026-10-05
sv08.5,sv8pt5,Prismatic Evolutions,035,reverse,masterball,true,tcgdex/cards-database,99c994747cf7519a3e51166cc932de79a88bd4b3,data/Scarlet & Violet/Prismatic Evolutions/035.ts,provider_explicit,2026-10-05
sv08.5,sv8pt5,Prismatic Evolutions,068,reverse,masterball,true,tcgdex/cards-database,99c994747cf7519a3e51166cc932de79a88bd4b3,data/Scarlet & Violet/Prismatic Evolutions/068.ts,provider_explicit,2026-10-05
sv08.5,sv8pt5,Prismatic Evolutions,046,reverse,masterball,true,tcgdex/cards-database,99c994747cf7519a3e51166cc932de79a88bd4b3,data/Scarlet & Violet/Prismatic Evolutions/046.ts,provider_explicit,2026-10-05
sv08.5,sv8pt5,Prismatic Evolutions,089,reverse,masterball,true,tcgdex/cards-database,99c994747cf7519a3e51166cc932de79a88bd4b3,data/Scarlet & Violet/Prismatic Evolutions/089.ts,provider_explicit,2026-10-05
sv08.5,sv8pt5,Prismatic Evolutions,086,reverse,masterball,true,tcgdex/cards-database,99c994747cf7519a3e51166cc932de79a88bd4b3,data/Scarlet & Violet/Prismatic Evolutions/086.ts,provider_explicit,2026-10-05
sv08.5,sv8pt5,Prismatic Evolutions,019,reverse,masterball,true,tcgdex/cards-database,99c994747cf7519a3e51166cc932de79a88bd4b3,data/Scarlet & Violet/Prismatic Evolutions/019.ts,provider_explicit,2026-10-05
sv08.5,sv8pt5,Prismatic Evolutions,016,reverse,masterball,true,tcgdex/cards-database,99c994747cf7519a3e51166cc932de79a88bd4b3,data/Scarlet & Violet/Prismatic Evolutions/016.ts,provider_explicit,2026-10-05
sv08.5,sv8pt5,Prismatic Evolutions,081,reverse,masterball,true,tcgdex/cards-database,99c994747cf7519a3e51166cc932de79a88bd4b3,data/Scarlet & Violet/Prismatic Evolutions/081.ts,provider_explicit,2026-10-05
sv08.5,sv8pt5,Prismatic Evolutions,069,reverse,masterball,true,tcgdex/cards-database,99c994747cf7519a3e51166cc932de79a88bd4b3,data/Scarlet & Violet/Prismatic Evolutions/069.ts,provider_explicit,2026-10-05
sv08.5,sv8pt5,Prismatic Evolutions,088,reverse,masterball,true,tcgdex/cards-database,99c994747cf7519a3e51166cc932de79a88bd4b3,data/Scarlet & Violet/Prismatic Evolutions/088.ts,provider_explicit,2026-10-05
sv08.5,sv8pt5,Prismatic Evolutions,065,reverse,masterball,true,tcgdex/cards-database,99c994747cf7519a3e51166cc932de79a88bd4b3,data/Scarlet & Violet/Prismatic Evolutions/065.ts,provider_explicit,2026-10-05
sv08.5,sv8pt5,Prismatic Evolutions,040,reverse,masterball,true,tcgdex/cards-database,99c994747cf7519a3e51166cc932de79a88bd4b3,data/Scarlet & Violet/Prismatic Evolutions/040.ts,provider_explicit,2026-10-05
sv08.5,sv8pt5,Prismatic Evolutions,025,reverse,masterball,true,tcgdex/cards-database,99c994747cf7519a3e51166cc932de79a88bd4b3,data/Scarlet & Violet/Prismatic Evolutions/025.ts,provider_explicit,2026-10-05
sv08.5,sv8pt5,Prismatic Evolutions,079,reverse,masterball,true,tcgdex/cards-database,99c994747cf7519a3e51166cc932de79a88bd4b3,data/Scarlet & Violet/Prismatic Evolutions/079.ts,provider_explicit,2026-10-05
sv08.5,sv8pt5,Prismatic Evolutions,024,reverse,masterball,true,tcgdex/cards-database,99c994747cf7519a3e51166cc932de79a88bd4b3,data/Scarlet & Violet/Prismatic Evolutions/024.ts,provider_explicit,2026-10-05
sv08.5,sv8pt5,Prismatic Evolutions,005,reverse,masterball,true,tcgdex/cards-database,99c994747cf7519a3e51166cc932de79a88bd4b3,data/Scarlet & Violet/Prismatic Evolutions/005.ts,provider_explicit,2026-10-05
sv08.5,sv8pt5,Prismatic Evolutions,063,reverse,masterball,true,tcgdex/cards-database,99c994747cf7519a3e51166cc932de79a88bd4b3,data/Scarlet & Violet/Prismatic Evolutions/063.ts,provider_explicit,2026-10-05
sv08.5,sv8pt5,Prismatic Evolutions,067,reverse,masterball,true,tcgdex/cards-database,99c994747cf7519a3e51166cc932de79a88bd4b3,data/Scarlet & Violet/Prismatic Evolutions/067.ts,provider_explicit,2026-10-05
sv08.5,sv8pt5,Prismatic Evolutions,072,reverse,masterball,true,tcgdex/cards-database,99c994747cf7519a3e51166cc932de79a88bd4b3,data/Scarlet & Violet/Prismatic Evolutions/072.ts,provider_explicit,2026-10-05
sv08.5,sv8pt5,Prismatic Evolutions,042,reverse,masterball,true,tcgdex/cards-database,99c994747cf7519a3e51166cc932de79a88bd4b3,data/Scarlet & Violet/Prismatic Evolutions/042.ts,provider_explicit,2026-10-05
sv08.5,sv8pt5,Prismatic Evolutions,055,reverse,masterball,true,tcgdex/cards-database,99c994747cf7519a3e51166cc932de79a88bd4b3,data/Scarlet & Violet/Prismatic Evolutions/055.ts,provider_explicit,2026-10-05
sv08.5,sv8pt5,Prismatic Evolutions,022,reverse,masterball,true,tcgdex/cards-database,99c994747cf7519a3e51166cc932de79a88bd4b3,data/Scarlet & Violet/Prismatic Evolutions/022.ts,provider_explicit,2026-10-05
sv08.5,sv8pt5,Prismatic Evolutions,070,reverse,masterball,true,tcgdex/cards-database,99c994747cf7519a3e51166cc932de79a88bd4b3,data/Scarlet & Violet/Prismatic Evolutions/070.ts,provider_explicit,2026-10-05
sv08.5,sv8pt5,Prismatic Evolutions,036,reverse,masterball,true,tcgdex/cards-database,99c994747cf7519a3e51166cc932de79a88bd4b3,data/Scarlet & Violet/Prismatic Evolutions/036.ts,provider_explicit,2026-10-05
sv08.5,sv8pt5,Prismatic Evolutions,080,reverse,masterball,true,tcgdex/cards-database,99c994747cf7519a3e51166cc932de79a88bd4b3,data/Scarlet & Violet/Prismatic Evolutions/080.ts,provider_explicit,2026-10-05
sv08.5,sv8pt5,Prismatic Evolutions,074,reverse,masterball,true,tcgdex/cards-database,99c994747cf7519a3e51166cc932de79a88bd4b3,data/Scarlet & Violet/Prismatic Evolutions/074.ts,provider_explicit,2026-10-05
sv08.5,sv8pt5,Prismatic Evolutions,057,reverse,masterball,true,tcgdex/cards-database,99c994747cf7519a3e51166cc932de79a88bd4b3,data/Scarlet & Violet/Prismatic Evolutions/057.ts,provider_explicit,2026-10-05
sv08.5,sv8pt5,Prismatic Evolutions,049,reverse,masterball,true,tcgdex/cards-database,99c994747cf7519a3e51166cc932de79a88bd4b3,data/Scarlet & Violet/Prismatic Evolutions/049.ts,provider_explicit,2026-10-05
sv08.5,sv8pt5,Prismatic Evolutions,033,reverse,masterball,true,tcgdex/cards-database,99c994747cf7519a3e51166cc932de79a88bd4b3,data/Scarlet & Violet/Prismatic Evolutions/033.ts,provider_explicit,2026-10-05
sv08.5,sv8pt5,Prismatic Evolutions,045,reverse,masterball,true,tcgdex/cards-database,99c994747cf7519a3e51166cc932de79a88bd4b3,data/Scarlet & Violet/Prismatic Evolutions/045.ts,provider_explicit,2026-10-05
sv08.5,sv8pt5,Prismatic Evolutions,013,reverse,masterball,true,tcgdex/cards-database,99c994747cf7519a3e51166cc932de79a88bd4b3,data/Scarlet & Violet/Prismatic Evolutions/013.ts,provider_explicit,2026-10-05
sv08.5,sv8pt5,Prismatic Evolutions,043,reverse,masterball,true,tcgdex/cards-database,99c994747cf7519a3e51166cc932de79a88bd4b3,data/Scarlet & Violet/Prismatic Evolutions/043.ts,provider_explicit,2026-10-05
sv08.5,sv8pt5,Prismatic Evolutions,044,reverse,masterball,true,tcgdex/cards-database,99c994747cf7519a3e51166cc932de79a88bd4b3,data/Scarlet & Violet/Prismatic Evolutions/044.ts,provider_explicit,2026-10-05
sv08.5,sv8pt5,Prismatic Evolutions,059,reverse,masterball,true,tcgdex/cards-database,99c994747cf7519a3e51166cc932de79a88bd4b3,data/Scarlet & Violet/Prismatic Evolutions/059.ts,provider_explicit,2026-10-05
sv08.5,sv8pt5,Prismatic Evolutions,008,reverse,masterball,true,tcgdex/cards-database,99c994747cf7519a3e51166cc932de79a88bd4b3,data/Scarlet & Violet/Prismatic Evolutions/008.ts,provider_explicit,2026-10-05
sv08.5,sv8pt5,Prismatic Evolutions,029,reverse,masterball,true,tcgdex/cards-database,99c994747cf7519a3e51166cc932de79a88bd4b3,data/Scarlet & Violet/Prismatic Evolutions/029.ts,provider_explicit,2026-10-05
sv08.5,sv8pt5,Prismatic Evolutions,021,reverse,masterball,true,tcgdex/cards-database,99c994747cf7519a3e51166cc932de79a88bd4b3,data/Scarlet & Violet/Prismatic Evolutions/021.ts,provider_explicit,2026-10-05
sv08.5,sv8pt5,Prismatic Evolutions,054,reverse,masterball,true,tcgdex/cards-database,99c994747cf7519a3e51166cc932de79a88bd4b3,data/Scarlet & Violet/Prismatic Evolutions/054.ts,provider_explicit,2026-10-05
sv08.5,sv8pt5,Prismatic Evolutions,037,reverse,masterball,true,tcgdex/cards-database,99c994747cf7519a3e51166cc932de79a88bd4b3,data/Scarlet & Violet/Prismatic Evolutions/037.ts,provider_explicit,2026-10-05
sv08.5,sv8pt5,Prismatic Evolutions,078,reverse,masterball,true,tcgdex/cards-database,99c994747cf7519a3e51166cc932de79a88bd4b3,data/Scarlet & Violet/Prismatic Evolutions/078.ts,provider_explicit,2026-10-05
sv08.5,sv8pt5,Prismatic Evolutions,020,reverse,masterball,true,tcgdex/cards-database,99c994747cf7519a3e51166cc932de79a88bd4b3,data/Scarlet & Violet/Prismatic Evolutions/020.ts,provider_explicit,2026-10-05
sv08.5,sv8pt5,Prismatic Evolutions,010,reverse,masterball,true,tcgdex/cards-database,99c994747cf7519a3e51166cc932de79a88bd4b3,data/Scarlet & Violet/Prismatic Evolutions/010.ts,provider_explicit,2026-10-05
sv08.5,sv8pt5,Prismatic Evolutions,085,reverse,masterball,true,tcgdex/cards-database,99c994747cf7519a3e51166cc932de79a88bd4b3,data/Scarlet & Violet/Prismatic Evolutions/085.ts,provider_explicit,2026-10-05
sv10.5b,zsv10pt5,Black Bolt,037,reverse,pokeball,true,tcgdex/cards-database,99c994747cf7519a3e51166cc932de79a88bd4b3,data/Scarlet & Violet/Black Bolt/037.ts,provider_explicit,2026-10-05
sv10.5b,zsv10pt5,Black Bolt,013,reverse,pokeball,true,tcgdex/cards-database,99c994747cf7519a3e51166cc932de79a88bd4b3,data/Scarlet & Violet/Black Bolt/013.ts,provider_explicit,2026-10-05
sv10.5b,zsv10pt5,Black Bolt,018,reverse,pokeball,true,tcgdex/cards-database,99c994747cf7519a3e51166cc932de79a88bd4b3,data/Scarlet & Violet/Black Bolt/018.ts,provider_explicit,2026-10-05
sv10.5b,zsv10pt5,Black Bolt,005,reverse,pokeball,true,tcgdex/cards-database,99c994747cf7519a3e51166cc932de79a88bd4b3,data/Scarlet & Violet/Black Bolt/005.ts,provider_explicit,2026-10-05
sv10.5b,zsv10pt5,Black Bolt,077,reverse,pokeball,true,tcgdex/cards-database,99c994747cf7519a3e51166cc932de79a88bd4b3,data/Scarlet & Violet/Black Bolt/077.ts,provider_explicit,2026-10-05
sv10.5b,zsv10pt5,Black Bolt,047,reverse,pokeball,true,tcgdex/cards-database,99c994747cf7519a3e51166cc932de79a88bd4b3,data/Scarlet & Violet/Black Bolt/047.ts,provider_explicit,2026-10-05
sv10.5b,zsv10pt5,Black Bolt,082,reverse,pokeball,true,tcgdex/cards-database,99c994747cf7519a3e51166cc932de79a88bd4b3,data/Scarlet & Violet/Black Bolt/082.ts,provider_explicit,2026-10-05
sv10.5b,zsv10pt5,Black Bolt,045,reverse,pokeball,true,tcgdex/cards-database,99c994747cf7519a3e51166cc932de79a88bd4b3,data/Scarlet & Violet/Black Bolt/045.ts,provider_explicit,2026-10-05
sv10.5b,zsv10pt5,Black Bolt,001,reverse,pokeball,true,tcgdex/cards-database,99c994747cf7519a3e51166cc932de79a88bd4b3,data/Scarlet & Violet/Black Bolt/001.ts,provider_explicit,2026-10-05
sv10.5b,zsv10pt5,Black Bolt,085,reverse,pokeball,true,tcgdex/cards-database,99c994747cf7519a3e51166cc932de79a88bd4b3,data/Scarlet & Violet/Black Bolt/085.ts,provider_explicit,2026-10-05
sv10.5b,zsv10pt5,Black Bolt,030,reverse,pokeball,true,tcgdex/cards-database,99c994747cf7519a3e51166cc932de79a88bd4b3,data/Scarlet & Violet/Black Bolt/030.ts,provider_explicit,2026-10-05
sv10.5b,zsv10pt5,Black Bolt,017,reverse,pokeball,true,tcgdex/cards-database,99c994747cf7519a3e51166cc932de79a88bd4b3,data/Scarlet & Violet/Black Bolt/017.ts,provider_explicit,2026-10-05
sv10.5b,zsv10pt5,Black Bolt,004,reverse,pokeball,true,tcgdex/cards-database,99c994747cf7519a3e51166cc932de79a88bd4b3,data/Scarlet & Violet/Black Bolt/004.ts,provider_explicit,2026-10-05
sv10.5b,zsv10pt5,Black Bolt,057,reverse,pokeball,true,tcgdex/cards-database,99c994747cf7519a3e51166cc932de79a88bd4b3,data/Scarlet & Violet/Black Bolt/057.ts,provider_explicit,2026-10-05
sv10.5b,zsv10pt5,Black Bolt,083,reverse,pokeball,true,tcgdex/cards-database,99c994747cf7519a3e51166cc932de79a88bd4b3,data/Scarlet & Violet/Black Bolt/083.ts,provider_explicit,2026-10-05
sv10.5b,zsv10pt5,Black Bolt,074,reverse,pokeball,true,tcgdex/cards-database,99c994747cf7519a3e51166cc932de79a88bd4b3,data/Scarlet & Violet/Black Bolt/074.ts,provider_explicit,2026-10-05
sv10.5b,zsv10pt5,Black Bolt,010,reverse,pokeball,true,tcgdex/cards-database,99c994747cf7519a3e51166cc932de79a88bd4b3,data/Scarlet & Violet/Black Bolt/010.ts,provider_explicit,2026-10-05
sv10.5b,zsv10pt5,Black Bolt,054,reverse,pokeball,true,tcgdex/cards-database,99c994747cf7519a3e51166cc932de79a88bd4b3,data/Scarlet & Violet/Black Bolt/054.ts,provider_explicit,2026-10-05
sv10.5b,zsv10pt5,Black Bolt,042,reverse,pokeball,true,tcgdex/cards-database,99c994747cf7519a3e51166cc932de79a88bd4b3,data/Scarlet & Violet/Black Bolt/042.ts,provider_explicit,2026-10-05
sv10.5b,zsv10pt5,Black Bolt,071,reverse,pokeball,true,tcgdex/cards-database,99c994747cf7519a3e51166cc932de79a88bd4b3,data/Scarlet & Violet/Black Bolt/071.ts,provider_explicit,2026-10-05
sv10.5b,zsv10pt5,Black Bolt,058,reverse,pokeball,true,tcgdex/cards-database,99c994747cf7519a3e51166cc932de79a88bd4b3,data/Scarlet & Violet/Black Bolt/058.ts,provider_explicit,2026-10-05
sv10.5b,zsv10pt5,Black Bolt,012,reverse,pokeball,true,tcgdex/cards-database,99c994747cf7519a3e51166cc932de79a88bd4b3,data/Scarlet & Violet/Black Bolt/012.ts,provider_explicit,2026-10-05
sv10.5b,zsv10pt5,Black Bolt,075,reverse,pokeball,true,tcgdex/cards-database,99c994747cf7519a3e51166cc932de79a88bd4b3,data/Scarlet & Violet/Black Bolt/075.ts,provider_explicit,2026-10-05
sv10.5b,zsv10pt5,Black Bolt,079,reverse,pokeball,true,tcgdex/cards-database,99c994747cf7519a3e51166cc932de79a88bd4b3,data/Scarlet & Violet/Black Bolt/079.ts,provider_explicit,2026-10-05
sv10.5b,zsv10pt5,Black Bolt,060,reverse,pokeball,true,tcgdex/cards-database,99c994747cf7519a3e51166cc932de79a88bd4b3,data/Scarlet & Violet/Black Bolt/060.ts,provider_explicit,2026-10-05
sv10.5b,zsv10pt5,Black Bolt,064,reverse,pokeball,true,tcgdex/cards-database,99c994747cf7519a3e51166cc932de79a88bd4b3,data/Scarlet & Violet/Black Bolt/064.ts,provider_explicit,2026-10-05
sv10.5b,zsv10pt5,Black Bolt,035,reverse,pokeball,true,tcgdex/cards-database,99c994747cf7519a3e51166cc932de79a88bd4b3,data/Scarlet & Violet/Black Bolt/035.ts,provider_explicit,2026-10-05
sv10.5b,zsv10pt5,Black Bolt,025,reverse,pokeball,true,tcgdex/cards-database,99c994747cf7519a3e51166cc932de79a88bd4b3,data/Scarlet & Violet/Black Bolt/025.ts,provider_explicit,2026-10-05
sv10.5b,zsv10pt5,Black Bolt,019,reverse,pokeball,true,tcgdex/cards-database,99c994747cf7519a3e51166cc932de79a88bd4b3,data/Scarlet & Violet/Black Bolt/019.ts,provider_explicit,2026-10-05
sv10.5b,zsv10pt5,Black Bolt,015,reverse,pokeball,true,tcgdex/cards-database,99c994747cf7519a3e51166cc932de79a88bd4b3,data/Scarlet & Violet/Black Bolt/015.ts,provider_explicit,2026-10-05
sv10.5b,zsv10pt5,Black Bolt,076,reverse,pokeball,true,tcgdex/cards-database,99c994747cf7519a3e51166cc932de79a88bd4b3,data/Scarlet & Violet/Black Bolt/076.ts,provider_explicit,2026-10-05
sv10.5b,zsv10pt5,Black Bolt,048,reverse,pokeball,true,tcgdex/cards-database,99c994747cf7519a3e51166cc932de79a88bd4b3,data/Scarlet & Violet/Black Bolt/048.ts,provider_explicit,2026-10-05
sv10.5b,zsv10pt5,Black Bolt,040,reverse,pokeball,true,tcgdex/cards-database,99c994747cf7519a3e51166cc932de79a88bd4b3,data/Scarlet & Violet/Black Bolt/040.ts,provider_explicit,2026-10-05
sv10.5b,zsv10pt5,Black Bolt,051,reverse,pokeball,true,tcgdex/cards-database,99c994747cf7519a3e51166cc932de79a88bd4b3,data/Scarlet & Violet/Black Bolt/051.ts,provider_explicit,2026-10-05
sv10.5b,zsv10pt5,Black Bolt,069,reverse,pokeball,true,tcgdex/cards-database,99c994747cf7519a3e51166cc932de79a88bd4b3,data/Scarlet & Violet/Black Bolt/069.ts,provider_explicit,2026-10-05
sv10.5b,zsv10pt5,Black Bolt,050,reverse,pokeball,true,tcgdex/cards-database,99c994747cf7519a3e51166cc932de79a88bd4b3,data/Scarlet & Violet/Black Bolt/050.ts,provider_explicit,2026-10-05
sv10.5b,zsv10pt5,Black Bolt,055,reverse,pokeball,true,tcgdex/cards-database,99c994747cf7519a3e51166cc932de79a88bd4b3,data/Scarlet & Violet/Black Bolt/055.ts,provider_explicit,2026-10-05
sv10.5b,zsv10pt5,Black Bolt,068,reverse,pokeball,true,tcgdex/cards-database,99c994747cf7519a3e51166cc932de79a88bd4b3,data/Scarlet & Violet/Black Bolt/068.ts,provider_explicit,2026-10-05
sv10.5b,zsv10pt5,Black Bolt,008,reverse,pokeball,true,tcgdex/cards-database,99c994747cf7519a3e51166cc932de79a88bd4b3,data/Scarlet & Violet/Black Bolt/008.ts,provider_explicit,2026-10-05
sv10.5b,zsv10pt5,Black Bolt,002,reverse,pokeball,true,tcgdex/cards-database,99c994747cf7519a3e51166cc932de79a88bd4b3,data/Scarlet & Violet/Black Bolt/002.ts,provider_explicit,2026-10-05
sv10.5b,zsv10pt5,Black Bolt,078,reverse,pokeball,true,tcgdex/cards-database,99c994747cf7519a3e51166cc932de79a88bd4b3,data/Scarlet & Violet/Black Bolt/078.ts,provider_explicit,2026-10-05
sv10.5b,zsv10pt5,Black Bolt,043,reverse,pokeball,true,tcgdex/cards-database,99c994747cf7519a3e51166cc932de79a88bd4b3,data/Scarlet & Violet/Black Bolt/043.ts,provider_explicit,2026-10-05
sv10.5b,zsv10pt5,Black Bolt,081,reverse,pokeball,true,tcgdex/cards-database,99c994747cf7519a3e51166cc932de79a88bd4b3,data/Scarlet & Violet/Black Bolt/081.ts,provider_explicit,2026-10-05
sv10.5b,zsv10pt5,Black Bolt,029,reverse,pokeball,true,tcgdex/cards-database,99c994747cf7519a3e51166cc932de79a88bd4b3,data/Scarlet & Violet/Black Bolt/029.ts,provider_explicit,2026-10-05
sv10.5b,zsv10pt5,Black Bolt,084,reverse,pokeball,true,tcgdex/cards-database,99c994747cf7519a3e51166cc932de79a88bd4b3,data/Scarlet & Violet/Black Bolt/084.ts,provider_explicit,2026-10-05
sv10.5b,zsv10pt5,Black Bolt,061,reverse,pokeball,true,tcgdex/cards-database,99c994747cf7519a3e51166cc932de79a88bd4b3,data/Scarlet & Violet/Black Bolt/061.ts,provider_explicit,2026-10-05
sv10.5b,zsv10pt5,Black Bolt,020,reverse,pokeball,true,tcgdex/cards-database,99c994747cf7519a3e51166cc932de79a88bd4b3,data/Scarlet & Violet/Black Bolt/020.ts,provider_explicit,2026-10-05
sv10.5b,zsv10pt5,Black Bolt,021,reverse,pokeball,true,tcgdex/cards-database,99c994747cf7519a3e51166cc932de79a88bd4b3,data/Scarlet & Violet/Black Bolt/021.ts,provider_explicit,2026-10-05
sv10.5b,zsv10pt5,Black Bolt,022,reverse,pokeball,true,tcgdex/cards-database,99c994747cf7519a3e51166cc932de79a88bd4b3,data/Scarlet & Violet/Black Bolt/022.ts,provider_explicit,2026-10-05
sv10.5b,zsv10pt5,Black Bolt,086,reverse,pokeball,true,tcgdex/cards-database,99c994747cf7519a3e51166cc932de79a88bd4b3,data/Scarlet & Violet/Black Bolt/086.ts,provider_explicit,2026-10-05
sv10.5b,zsv10pt5,Black Bolt,009,reverse,pokeball,true,tcgdex/cards-database,99c994747cf7519a3e51166cc932de79a88bd4b3,data/Scarlet & Violet/Black Bolt/009.ts,provider_explicit,2026-10-05
sv10.5b,zsv10pt5,Black Bolt,027,reverse,pokeball,true,tcgdex/cards-database,99c994747cf7519a3e51166cc932de79a88bd4b3,data/Scarlet & Violet/Black Bolt/027.ts,provider_explicit,2026-10-05
sv10.5b,zsv10pt5,Black Bolt,065,reverse,pokeball,true,tcgdex/cards-database,99c994747cf7519a3e51166cc932de79a88bd4b3,data/Scarlet & Violet/Black Bolt/065.ts,provider_explicit,2026-10-05
sv10.5b,zsv10pt5,Black Bolt,006,reverse,pokeball,true,tcgdex/cards-database,99c994747cf7519a3e51166cc932de79a88bd4b3,data/Scarlet & Violet/Black Bolt/006.ts,provider_explicit,2026-10-05
sv10.5b,zsv10pt5,Black Bolt,062,reverse,pokeball,true,tcgdex/cards-database,99c994747cf7519a3e51166cc932de79a88bd4b3,data/Scarlet & Violet/Black Bolt/062.ts,provider_explicit,2026-10-05
sv10.5b,zsv10pt5,Black Bolt,014,reverse,pokeball,true,tcgdex/cards-database,99c994747cf7519a3e51166cc932de79a88bd4b3,data/Scarlet & Violet/Black Bolt/014.ts,provider_explicit,2026-10-05
sv10.5b,zsv10pt5,Black Bolt,011,reverse,pokeball,true,tcgdex/cards-database,99c994747cf7519a3e51166cc932de79a88bd4b3,data/Scarlet & Violet/Black Bolt/011.ts,provider_explicit,2026-10-05
sv10.5b,zsv10pt5,Black Bolt,031,reverse,pokeball,true,tcgdex/cards-database,99c994747cf7519a3e51166cc932de79a88bd4b3,data/Scarlet & Violet/Black Bolt/031.ts,provider_explicit,2026-10-05
sv10.5b,zsv10pt5,Black Bolt,024,reverse,pokeball,true,tcgdex/cards-database,99c994747cf7519a3e51166cc932de79a88bd4b3,data/Scarlet & Violet/Black Bolt/024.ts,provider_explicit,2026-10-05
sv10.5b,zsv10pt5,Black Bolt,033,reverse,pokeball,true,tcgdex/cards-database,99c994747cf7519a3e51166cc932de79a88bd4b3,data/Scarlet & Violet/Black Bolt/033.ts,provider_explicit,2026-10-05
sv10.5b,zsv10pt5,Black Bolt,041,reverse,pokeball,true,tcgdex/cards-database,99c994747cf7519a3e51166cc932de79a88bd4b3,data/Scarlet & Violet/Black Bolt/041.ts,provider_explicit,2026-10-05
sv10.5b,zsv10pt5,Black Bolt,072,reverse,pokeball,true,tcgdex/cards-database,99c994747cf7519a3e51166cc932de79a88bd4b3,data/Scarlet & Violet/Black Bolt/072.ts,provider_explicit,2026-10-05
sv10.5b,zsv10pt5,Black Bolt,038,reverse,pokeball,true,tcgdex/cards-database,99c994747cf7519a3e51166cc932de79a88bd4b3,data/Scarlet & Violet/Black Bolt/038.ts,provider_explicit,2026-10-05
sv10.5b,zsv10pt5,Black Bolt,059,reverse,pokeball,true,tcgdex/cards-database,99c994747cf7519a3e51166cc932de79a88bd4b3,data/Scarlet & Violet/Black Bolt/059.ts,provider_explicit,2026-10-05
sv10.5b,zsv10pt5,Black Bolt,066,reverse,pokeball,true,tcgdex/cards-database,99c994747cf7519a3e51166cc932de79a88bd4b3,data/Scarlet & Violet/Black Bolt/066.ts,provider_explicit,2026-10-05
sv10.5b,zsv10pt5,Black Bolt,049,reverse,pokeball,true,tcgdex/cards-database,99c994747cf7519a3e51166cc932de79a88bd4b3,data/Scarlet & Violet/Black Bolt/049.ts,provider_explicit,2026-10-05
sv10.5b,zsv10pt5,Black Bolt,007,reverse,pokeball,true,tcgdex/cards-database,99c994747cf7519a3e51166cc932de79a88bd4b3,data/Scarlet & Violet/Black Bolt/007.ts,provider_explicit,2026-10-05
sv10.5b,zsv10pt5,Black Bolt,073,reverse,pokeball,true,tcgdex/cards-database,99c994747cf7519a3e51166cc932de79a88bd4b3,data/Scarlet & Violet/Black Bolt/073.ts,provider_explicit,2026-10-05
sv10.5b,zsv10pt5,Black Bolt,032,reverse,pokeball,true,tcgdex/cards-database,99c994747cf7519a3e51166cc932de79a88bd4b3,data/Scarlet & Violet/Black Bolt/032.ts,provider_explicit,2026-10-05
sv10.5b,zsv10pt5,Black Bolt,016,reverse,pokeball,true,tcgdex/cards-database,99c994747cf7519a3e51166cc932de79a88bd4b3,data/Scarlet & Violet/Black Bolt/016.ts,provider_explicit,2026-10-05
sv10.5b,zsv10pt5,Black Bolt,063,reverse,pokeball,true,tcgdex/cards-database,99c994747cf7519a3e51166cc932de79a88bd4b3,data/Scarlet & Violet/Black Bolt/063.ts,provider_explicit,2026-10-05
sv10.5b,zsv10pt5,Black Bolt,026,reverse,pokeball,true,tcgdex/cards-database,99c994747cf7519a3e51166cc932de79a88bd4b3,data/Scarlet & Violet/Black Bolt/026.ts,provider_explicit,2026-10-05
sv10.5b,zsv10pt5,Black Bolt,036,reverse,pokeball,true,tcgdex/cards-database,99c994747cf7519a3e51166cc932de79a88bd4b3,data/Scarlet & Violet/Black Bolt/036.ts,provider_explicit,2026-10-05
sv10.5b,zsv10pt5,Black Bolt,070,reverse,pokeball,true,tcgdex/cards-database,99c994747cf7519a3e51166cc932de79a88bd4b3,data/Scarlet & Violet/Black Bolt/070.ts,provider_explicit,2026-10-05
sv10.5b,zsv10pt5,Black Bolt,053,reverse,pokeball,true,tcgdex/cards-database,99c994747cf7519a3e51166cc932de79a88bd4b3,data/Scarlet & Violet/Black Bolt/053.ts,provider_explicit,2026-10-05
sv10.5b,zsv10pt5,Black Bolt,052,reverse,pokeball,true,tcgdex/cards-database,99c994747cf7519a3e51166cc932de79a88bd4b3,data/Scarlet & Violet/Black Bolt/052.ts,provider_explicit,2026-10-05
sv10.5b,zsv10pt5,Black Bolt,023,reverse,pokeball,true,tcgdex/cards-database,99c994747cf7519a3e51166cc932de79a88bd4b3,data/Scarlet & Violet/Black Bolt/023.ts,provider_explicit,2026-10-05
sv10.5b,zsv10pt5,Black Bolt,039,reverse,pokeball,true,tcgdex/cards-database,99c994747cf7519a3e51166cc932de79a88bd4b3,data/Scarlet & Violet/Black Bolt/039.ts,provider_explicit,2026-10-05
sv10.5b,zsv10pt5,Black Bolt,056,reverse,pokeball,true,tcgdex/cards-database,99c994747cf7519a3e51166cc932de79a88bd4b3,data/Scarlet & Violet/Black Bolt/056.ts,provider_explicit,2026-10-05
sv10.5b,zsv10pt5,Black Bolt,080,reverse,pokeball,true,tcgdex/cards-database,99c994747cf7519a3e51166cc932de79a88bd4b3,data/Scarlet & Violet/Black Bolt/080.ts,provider_explicit,2026-10-05
sv10.5b,zsv10pt5,Black Bolt,037,reverse,masterball,true,tcgdex/cards-database,99c994747cf7519a3e51166cc932de79a88bd4b3,data/Scarlet & Violet/Black Bolt/037.ts,provider_explicit,2026-10-05
sv10.5b,zsv10pt5,Black Bolt,013,reverse,masterball,true,tcgdex/cards-database,99c994747cf7519a3e51166cc932de79a88bd4b3,data/Scarlet & Violet/Black Bolt/013.ts,provider_explicit,2026-10-05
sv10.5b,zsv10pt5,Black Bolt,018,reverse,masterball,true,tcgdex/cards-database,99c994747cf7519a3e51166cc932de79a88bd4b3,data/Scarlet & Violet/Black Bolt/018.ts,provider_explicit,2026-10-05
sv10.5b,zsv10pt5,Black Bolt,005,reverse,masterball,true,tcgdex/cards-database,99c994747cf7519a3e51166cc932de79a88bd4b3,data/Scarlet & Violet/Black Bolt/005.ts,provider_explicit,2026-10-05
sv10.5b,zsv10pt5,Black Bolt,077,reverse,masterball,true,tcgdex/cards-database,99c994747cf7519a3e51166cc932de79a88bd4b3,data/Scarlet & Violet/Black Bolt/077.ts,provider_explicit,2026-10-05
sv10.5b,zsv10pt5,Black Bolt,047,reverse,masterball,true,tcgdex/cards-database,99c994747cf7519a3e51166cc932de79a88bd4b3,data/Scarlet & Violet/Black Bolt/047.ts,provider_explicit,2026-10-05
sv10.5b,zsv10pt5,Black Bolt,045,reverse,masterball,true,tcgdex/cards-database,99c994747cf7519a3e51166cc932de79a88bd4b3,data/Scarlet & Violet/Black Bolt/045.ts,provider_explicit,2026-10-05
sv10.5b,zsv10pt5,Black Bolt,001,reverse,masterball,true,tcgdex/cards-database,99c994747cf7519a3e51166cc932de79a88bd4b3,data/Scarlet & Violet/Black Bolt/001.ts,provider_explicit,2026-10-05
sv10.5b,zsv10pt5,Black Bolt,030,reverse,masterball,true,tcgdex/cards-database,99c994747cf7519a3e51166cc932de79a88bd4b3,data/Scarlet & Violet/Black Bolt/030.ts,provider_explicit,2026-10-05
sv10.5b,zsv10pt5,Black Bolt,017,reverse,masterball,true,tcgdex/cards-database,99c994747cf7519a3e51166cc932de79a88bd4b3,data/Scarlet & Violet/Black Bolt/017.ts,provider_explicit,2026-10-05
sv10.5b,zsv10pt5,Black Bolt,004,reverse,masterball,true,tcgdex/cards-database,99c994747cf7519a3e51166cc932de79a88bd4b3,data/Scarlet & Violet/Black Bolt/004.ts,provider_explicit,2026-10-05
sv10.5b,zsv10pt5,Black Bolt,057,reverse,masterball,true,tcgdex/cards-database,99c994747cf7519a3e51166cc932de79a88bd4b3,data/Scarlet & Violet/Black Bolt/057.ts,provider_explicit,2026-10-05
sv10.5b,zsv10pt5,Black Bolt,074,reverse,masterball,true,tcgdex/cards-database,99c994747cf7519a3e51166cc932de79a88bd4b3,data/Scarlet & Violet/Black Bolt/074.ts,provider_explicit,2026-10-05
sv10.5b,zsv10pt5,Black Bolt,010,reverse,masterball,true,tcgdex/cards-database,99c994747cf7519a3e51166cc932de79a88bd4b3,data/Scarlet & Violet/Black Bolt/010.ts,provider_explicit,2026-10-05
sv10.5b,zsv10pt5,Black Bolt,054,reverse,masterball,true,tcgdex/cards-database,99c994747cf7519a3e51166cc932de79a88bd4b3,data/Scarlet & Violet/Black Bolt/054.ts,provider_explicit,2026-10-05
sv10.5b,zsv10pt5,Black Bolt,042,reverse,masterball,true,tcgdex/cards-database,99c994747cf7519a3e51166cc932de79a88bd4b3,data/Scarlet & Violet/Black Bolt/042.ts,provider_explicit,2026-10-05
sv10.5b,zsv10pt5,Black Bolt,071,reverse,masterball,true,tcgdex/cards-database,99c994747cf7519a3e51166cc932de79a88bd4b3,data/Scarlet & Violet/Black Bolt/071.ts,provider_explicit,2026-10-05
sv10.5b,zsv10pt5,Black Bolt,058,reverse,masterball,true,tcgdex/cards-database,99c994747cf7519a3e51166cc932de79a88bd4b3,data/Scarlet & Violet/Black Bolt/058.ts,provider_explicit,2026-10-05
sv10.5b,zsv10pt5,Black Bolt,012,reverse,masterball,true,tcgdex/cards-database,99c994747cf7519a3e51166cc932de79a88bd4b3,data/Scarlet & Violet/Black Bolt/012.ts,provider_explicit,2026-10-05
sv10.5b,zsv10pt5,Black Bolt,075,reverse,masterball,true,tcgdex/cards-database,99c994747cf7519a3e51166cc932de79a88bd4b3,data/Scarlet & Violet/Black Bolt/075.ts,provider_explicit,2026-10-05
sv10.5b,zsv10pt5,Black Bolt,060,reverse,masterball,true,tcgdex/cards-database,99c994747cf7519a3e51166cc932de79a88bd4b3,data/Scarlet & Violet/Black Bolt/060.ts,provider_explicit,2026-10-05
sv10.5b,zsv10pt5,Black Bolt,064,reverse,masterball,true,tcgdex/cards-database,99c994747cf7519a3e51166cc932de79a88bd4b3,data/Scarlet & Violet/Black Bolt/064.ts,provider_explicit,2026-10-05
sv10.5b,zsv10pt5,Black Bolt,035,reverse,masterball,true,tcgdex/cards-database,99c994747cf7519a3e51166cc932de79a88bd4b3,data/Scarlet & Violet/Black Bolt/035.ts,provider_explicit,2026-10-05
sv10.5b,zsv10pt5,Black Bolt,025,reverse,masterball,true,tcgdex/cards-database,99c994747cf7519a3e51166cc932de79a88bd4b3,data/Scarlet & Violet/Black Bolt/025.ts,provider_explicit,2026-10-05
sv10.5b,zsv10pt5,Black Bolt,019,reverse,masterball,true,tcgdex/cards-database,99c994747cf7519a3e51166cc932de79a88bd4b3,data/Scarlet & Violet/Black Bolt/019.ts,provider_explicit,2026-10-05
sv10.5b,zsv10pt5,Black Bolt,015,reverse,masterball,true,tcgdex/cards-database,99c994747cf7519a3e51166cc932de79a88bd4b3,data/Scarlet & Violet/Black Bolt/015.ts,provider_explicit,2026-10-05
sv10.5b,zsv10pt5,Black Bolt,076,reverse,masterball,true,tcgdex/cards-database,99c994747cf7519a3e51166cc932de79a88bd4b3,data/Scarlet & Violet/Black Bolt/076.ts,provider_explicit,2026-10-05
sv10.5b,zsv10pt5,Black Bolt,048,reverse,masterball,true,tcgdex/cards-database,99c994747cf7519a3e51166cc932de79a88bd4b3,data/Scarlet & Violet/Black Bolt/048.ts,provider_explicit,2026-10-05
sv10.5b,zsv10pt5,Black Bolt,040,reverse,masterball,true,tcgdex/cards-database,99c994747cf7519a3e51166cc932de79a88bd4b3,data/Scarlet & Violet/Black Bolt/040.ts,provider_explicit,2026-10-05
sv10.5b,zsv10pt5,Black Bolt,051,reverse,masterball,true,tcgdex/cards-database,99c994747cf7519a3e51166cc932de79a88bd4b3,data/Scarlet & Violet/Black Bolt/051.ts,provider_explicit,2026-10-05
sv10.5b,zsv10pt5,Black Bolt,069,reverse,masterball,true,tcgdex/cards-database,99c994747cf7519a3e51166cc932de79a88bd4b3,data/Scarlet & Violet/Black Bolt/069.ts,provider_explicit,2026-10-05
sv10.5b,zsv10pt5,Black Bolt,050,reverse,masterball,true,tcgdex/cards-database,99c994747cf7519a3e51166cc932de79a88bd4b3,data/Scarlet & Violet/Black Bolt/050.ts,provider_explicit,2026-10-05
sv10.5b,zsv10pt5,Black Bolt,055,reverse,masterball,true,tcgdex/cards-database,99c994747cf7519a3e51166cc932de79a88bd4b3,data/Scarlet & Violet/Black Bolt/055.ts,provider_explicit,2026-10-05
sv10.5b,zsv10pt5,Black Bolt,068,reverse,masterball,true,tcgdex/cards-database,99c994747cf7519a3e51166cc932de79a88bd4b3,data/Scarlet & Violet/Black Bolt/068.ts,provider_explicit,2026-10-05
sv10.5b,zsv10pt5,Black Bolt,008,reverse,masterball,true,tcgdex/cards-database,99c994747cf7519a3e51166cc932de79a88bd4b3,data/Scarlet & Violet/Black Bolt/008.ts,provider_explicit,2026-10-05
sv10.5b,zsv10pt5,Black Bolt,002,reverse,masterball,true,tcgdex/cards-database,99c994747cf7519a3e51166cc932de79a88bd4b3,data/Scarlet & Violet/Black Bolt/002.ts,provider_explicit,2026-10-05
sv10.5b,zsv10pt5,Black Bolt,078,reverse,masterball,true,tcgdex/cards-database,99c994747cf7519a3e51166cc932de79a88bd4b3,data/Scarlet & Violet/Black Bolt/078.ts,provider_explicit,2026-10-05
sv10.5b,zsv10pt5,Black Bolt,043,reverse,masterball,true,tcgdex/cards-database,99c994747cf7519a3e51166cc932de79a88bd4b3,data/Scarlet & Violet/Black Bolt/043.ts,provider_explicit,2026-10-05
sv10.5b,zsv10pt5,Black Bolt,029,reverse,masterball,true,tcgdex/cards-database,99c994747cf7519a3e51166cc932de79a88bd4b3,data/Scarlet & Violet/Black Bolt/029.ts,provider_explicit,2026-10-05
sv10.5b,zsv10pt5,Black Bolt,061,reverse,masterball,true,tcgdex/cards-database,99c994747cf7519a3e51166cc932de79a88bd4b3,data/Scarlet & Violet/Black Bolt/061.ts,provider_explicit,2026-10-05
sv10.5b,zsv10pt5,Black Bolt,020,reverse,masterball,true,tcgdex/cards-database,99c994747cf7519a3e51166cc932de79a88bd4b3,data/Scarlet & Violet/Black Bolt/020.ts,provider_explicit,2026-10-05
sv10.5b,zsv10pt5,Black Bolt,021,reverse,masterball,true,tcgdex/cards-database,99c994747cf7519a3e51166cc932de79a88bd4b3,data/Scarlet & Violet/Black Bolt/021.ts,provider_explicit,2026-10-05
sv10.5b,zsv10pt5,Black Bolt,022,reverse,masterball,true,tcgdex/cards-database,99c994747cf7519a3e51166cc932de79a88bd4b3,data/Scarlet & Violet/Black Bolt/022.ts,provider_explicit,2026-10-05
sv10.5b,zsv10pt5,Black Bolt,009,reverse,masterball,true,tcgdex/cards-database,99c994747cf7519a3e51166cc932de79a88bd4b3,data/Scarlet & Violet/Black Bolt/009.ts,provider_explicit,2026-10-05
sv10.5b,zsv10pt5,Black Bolt,027,reverse,masterball,true,tcgdex/cards-database,99c994747cf7519a3e51166cc932de79a88bd4b3,data/Scarlet & Violet/Black Bolt/027.ts,provider_explicit,2026-10-05
sv10.5b,zsv10pt5,Black Bolt,065,reverse,masterball,true,tcgdex/cards-database,99c994747cf7519a3e51166cc932de79a88bd4b3,data/Scarlet & Violet/Black Bolt/065.ts,provider_explicit,2026-10-05
sv10.5b,zsv10pt5,Black Bolt,006,reverse,masterball,true,tcgdex/cards-database,99c994747cf7519a3e51166cc932de79a88bd4b3,data/Scarlet & Violet/Black Bolt/006.ts,provider_explicit,2026-10-05
sv10.5b,zsv10pt5,Black Bolt,062,reverse,masterball,true,tcgdex/cards-database,99c994747cf7519a3e51166cc932de79a88bd4b3,data/Scarlet & Violet/Black Bolt/062.ts,provider_explicit,2026-10-05
sv10.5b,zsv10pt5,Black Bolt,014,reverse,masterball,true,tcgdex/cards-database,99c994747cf7519a3e51166cc932de79a88bd4b3,data/Scarlet & Violet/Black Bolt/014.ts,provider_explicit,2026-10-05
sv10.5b,zsv10pt5,Black Bolt,011,reverse,masterball,true,tcgdex/cards-database,99c994747cf7519a3e51166cc932de79a88bd4b3,data/Scarlet & Violet/Black Bolt/011.ts,provider_explicit,2026-10-05
sv10.5b,zsv10pt5,Black Bolt,031,reverse,masterball,true,tcgdex/cards-database,99c994747cf7519a3e51166cc932de79a88bd4b3,data/Scarlet & Violet/Black Bolt/031.ts,provider_explicit,2026-10-05
sv10.5b,zsv10pt5,Black Bolt,024,reverse,masterball,true,tcgdex/cards-database,99c994747cf7519a3e51166cc932de79a88bd4b3,data/Scarlet & Violet/Black Bolt/024.ts,provider_explicit,2026-10-05
sv10.5b,zsv10pt5,Black Bolt,033,reverse,masterball,true,tcgdex/cards-database,99c994747cf7519a3e51166cc932de79a88bd4b3,data/Scarlet & Violet/Black Bolt/033.ts,provider_explicit,2026-10-05
sv10.5b,zsv10pt5,Black Bolt,041,reverse,masterball,true,tcgdex/cards-database,99c994747cf7519a3e51166cc932de79a88bd4b3,data/Scarlet & Violet/Black Bolt/041.ts,provider_explicit,2026-10-05
sv10.5b,zsv10pt5,Black Bolt,072,reverse,masterball,true,tcgdex/cards-database,99c994747cf7519a3e51166cc932de79a88bd4b3,data/Scarlet & Violet/Black Bolt/072.ts,provider_explicit,2026-10-05
sv10.5b,zsv10pt5,Black Bolt,038,reverse,masterball,true,tcgdex/cards-database,99c994747cf7519a3e51166cc932de79a88bd4b3,data/Scarlet & Violet/Black Bolt/038.ts,provider_explicit,2026-10-05
sv10.5b,zsv10pt5,Black Bolt,059,reverse,masterball,true,tcgdex/cards-database,99c994747cf7519a3e51166cc932de79a88bd4b3,data/Scarlet & Violet/Black Bolt/059.ts,provider_explicit,2026-10-05
sv10.5b,zsv10pt5,Black Bolt,066,reverse,masterball,true,tcgdex/cards-database,99c994747cf7519a3e51166cc932de79a88bd4b3,data/Scarlet & Violet/Black Bolt/066.ts,provider_explicit,2026-10-05
sv10.5b,zsv10pt5,Black Bolt,049,reverse,masterball,true,tcgdex/cards-database,99c994747cf7519a3e51166cc932de79a88bd4b3,data/Scarlet & Violet/Black Bolt/049.ts,provider_explicit,2026-10-05
sv10.5b,zsv10pt5,Black Bolt,007,reverse,masterball,true,tcgdex/cards-database,99c994747cf7519a3e51166cc932de79a88bd4b3,data/Scarlet & Violet/Black Bolt/007.ts,provider_explicit,2026-10-05
sv10.5b,zsv10pt5,Black Bolt,073,reverse,masterball,true,tcgdex/cards-database,99c994747cf7519a3e51166cc932de79a88bd4b3,data/Scarlet & Violet/Black Bolt/073.ts,provider_explicit,2026-10-05
sv10.5b,zsv10pt5,Black Bolt,032,reverse,masterball,true,tcgdex/cards-database,99c994747cf7519a3e51166cc932de79a88bd4b3,data/Scarlet & Violet/Black Bolt/032.ts,provider_explicit,2026-10-05
sv10.5b,zsv10pt5,Black Bolt,016,reverse,masterball,true,tcgdex/cards-database,99c994747cf7519a3e51166cc932de79a88bd4b3,data/Scarlet & Violet/Black Bolt/016.ts,provider_explicit,2026-10-05
sv10.5b,zsv10pt5,Black Bolt,063,reverse,masterball,true,tcgdex/cards-database,99c994747cf7519a3e51166cc932de79a88bd4b3,data/Scarlet & Violet/Black Bolt/063.ts,provider_explicit,2026-10-05
sv10.5b,zsv10pt5,Black Bolt,026,reverse,masterball,true,tcgdex/cards-database,99c994747cf7519a3e51166cc932de79a88bd4b3,data/Scarlet & Violet/Black Bolt/026.ts,provider_explicit,2026-10-05
sv10.5b,zsv10pt5,Black Bolt,036,reverse,masterball,true,tcgdex/cards-database,99c994747cf7519a3e51166cc932de79a88bd4b3,data/Scarlet & Violet/Black Bolt/036.ts,provider_explicit,2026-10-05
sv10.5b,zsv10pt5,Black Bolt,070,reverse,masterball,true,tcgdex/cards-database,99c994747cf7519a3e51166cc932de79a88bd4b3,data/Scarlet & Violet/Black Bolt/070.ts,provider_explicit,2026-10-05
sv10.5b,zsv10pt5,Black Bolt,053,reverse,masterball,true,tcgdex/cards-database,99c994747cf7519a3e51166cc932de79a88bd4b3,data/Scarlet & Violet/Black Bolt/053.ts,provider_explicit,2026-10-05
sv10.5b,zsv10pt5,Black Bolt,052,reverse,masterball,true,tcgdex/cards-database,99c994747cf7519a3e51166cc932de79a88bd4b3,data/Scarlet & Violet/Black Bolt/052.ts,provider_explicit,2026-10-05
sv10.5b,zsv10pt5,Black Bolt,023,reverse,masterball,true,tcgdex/cards-database,99c994747cf7519a3e51166cc932de79a88bd4b3,data/Scarlet & Violet/Black Bolt/023.ts,provider_explicit,2026-10-05
sv10.5b,zsv10pt5,Black Bolt,039,reverse,masterball,true,tcgdex/cards-database,99c994747cf7519a3e51166cc932de79a88bd4b3,data/Scarlet & Violet/Black Bolt/039.ts,provider_explicit,2026-10-05
sv10.5b,zsv10pt5,Black Bolt,056,reverse,masterball,true,tcgdex/cards-database,99c994747cf7519a3e51166cc932de79a88bd4b3,data/Scarlet & Violet/Black Bolt/056.ts,provider_explicit,2026-10-05
sv10.5w,rsv10pt5,White Flare,052,reverse,pokeball,true,tcgdex/cards-database,99c994747cf7519a3e51166cc932de79a88bd4b3,data/Scarlet & Violet/White Flare/052.ts,provider_explicit,2026-10-05
sv10.5w,rsv10pt5,White Flare,081,reverse,pokeball,true,tcgdex/cards-database,99c994747cf7519a3e51166cc932de79a88bd4b3,data/Scarlet & Violet/White Flare/081.ts,provider_explicit,2026-10-05
sv10.5w,rsv10pt5,White Flare,001,reverse,pokeball,true,tcgdex/cards-database,99c994747cf7519a3e51166cc932de79a88bd4b3,data/Scarlet & Violet/White Flare/001.ts,provider_explicit,2026-10-05
sv10.5w,rsv10pt5,White Flare,036,reverse,pokeball,true,tcgdex/cards-database,99c994747cf7519a3e51166cc932de79a88bd4b3,data/Scarlet & Violet/White Flare/036.ts,provider_explicit,2026-10-05
sv10.5w,rsv10pt5,White Flare,041,reverse,pokeball,true,tcgdex/cards-database,99c994747cf7519a3e51166cc932de79a88bd4b3,data/Scarlet & Violet/White Flare/041.ts,provider_explicit,2026-10-05
sv10.5w,rsv10pt5,White Flare,006,reverse,pokeball,true,tcgdex/cards-database,99c994747cf7519a3e51166cc932de79a88bd4b3,data/Scarlet & Violet/White Flare/006.ts,provider_explicit,2026-10-05
sv10.5w,rsv10pt5,White Flare,063,reverse,pokeball,true,tcgdex/cards-database,99c994747cf7519a3e51166cc932de79a88bd4b3,data/Scarlet & Violet/White Flare/063.ts,provider_explicit,2026-10-05
sv10.5w,rsv10pt5,White Flare,011,reverse,pokeball,true,tcgdex/cards-database,99c994747cf7519a3e51166cc932de79a88bd4b3,data/Scarlet & Violet/White Flare/011.ts,provider_explicit,2026-10-05
sv10.5w,rsv10pt5,White Flare,015,reverse,pokeball,true,tcgdex/cards-database,99c994747cf7519a3e51166cc932de79a88bd4b3,data/Scarlet & Violet/White Flare/015.ts,provider_explicit,2026-10-05
sv10.5w,rsv10pt5,White Flare,059,reverse,pokeball,true,tcgdex/cards-database,99c994747cf7519a3e51166cc932de79a88bd4b3,data/Scarlet & Violet/White Flare/059.ts,provider_explicit,2026-10-05
sv10.5w,rsv10pt5,White Flare,021,reverse,pokeball,true,tcgdex/cards-database,99c994747cf7519a3e51166cc932de79a88bd4b3,data/Scarlet & Violet/White Flare/021.ts,provider_explicit,2026-10-05
sv10.5w,rsv10pt5,White Flare,068,reverse,pokeball,true,tcgdex/cards-database,99c994747cf7519a3e51166cc932de79a88bd4b3,data/Scarlet & Violet/White Flare/068.ts,provider_explicit,2026-10-05
sv10.5w,rsv10pt5,White Flare,057,reverse,pokeball,true,tcgdex/cards-database,99c994747cf7519a3e51166cc932de79a88bd4b3,data/Scarlet & Violet/White Flare/057.ts,provider_explicit,2026-10-05
sv10.5w,rsv10pt5,White Flare,031,reverse,pokeball,true,tcgdex/cards-database,99c994747cf7519a3e51166cc932de79a88bd4b3,data/Scarlet & Violet/White Flare/031.ts,provider_explicit,2026-10-05
sv10.5w,rsv10pt5,White Flare,004,reverse,pokeball,true,tcgdex/cards-database,99c994747cf7519a3e51166cc932de79a88bd4b3,data/Scarlet & Violet/White Flare/004.ts,provider_explicit,2026-10-05
sv10.5w,rsv10pt5,White Flare,012,reverse,pokeball,true,tcgdex/cards-database,99c994747cf7519a3e51166cc932de79a88bd4b3,data/Scarlet & Violet/White Flare/012.ts,provider_explicit,2026-10-05
sv10.5w,rsv10pt5,White Flare,014,reverse,pokeball,true,tcgdex/cards-database,99c994747cf7519a3e51166cc932de79a88bd4b3,data/Scarlet & Violet/White Flare/014.ts,provider_explicit,2026-10-05
sv10.5w,rsv10pt5,White Flare,061,reverse,pokeball,true,tcgdex/cards-database,99c994747cf7519a3e51166cc932de79a88bd4b3,data/Scarlet & Violet/White Flare/061.ts,provider_explicit,2026-10-05
sv10.5w,rsv10pt5,White Flare,017,reverse,pokeball,true,tcgdex/cards-database,99c994747cf7519a3e51166cc932de79a88bd4b3,data/Scarlet & Violet/White Flare/017.ts,provider_explicit,2026-10-05
sv10.5w,rsv10pt5,White Flare,082,reverse,pokeball,true,tcgdex/cards-database,99c994747cf7519a3e51166cc932de79a88bd4b3,data/Scarlet & Violet/White Flare/082.ts,provider_explicit,2026-10-05
sv10.5w,rsv10pt5,White Flare,033,reverse,pokeball,true,tcgdex/cards-database,99c994747cf7519a3e51166cc932de79a88bd4b3,data/Scarlet & Violet/White Flare/033.ts,provider_explicit,2026-10-05
sv10.5w,rsv10pt5,White Flare,074,reverse,pokeball,true,tcgdex/cards-database,99c994747cf7519a3e51166cc932de79a88bd4b3,data/Scarlet & Violet/White Flare/074.ts,provider_explicit,2026-10-05
sv10.5w,rsv10pt5,White Flare,016,reverse,pokeball,true,tcgdex/cards-database,99c994747cf7519a3e51166cc932de79a88bd4b3,data/Scarlet & Violet/White Flare/016.ts,provider_explicit,2026-10-05
sv10.5w,rsv10pt5,White Flare,056,reverse,pokeball,true,tcgdex/cards-database,99c994747cf7519a3e51166cc932de79a88bd4b3,data/Scarlet & Violet/White Flare/056.ts,provider_explicit,2026-10-05
sv10.5w,rsv10pt5,White Flare,039,reverse,pokeball,true,tcgdex/cards-database,99c994747cf7519a3e51166cc932de79a88bd4b3,data/Scarlet & Violet/White Flare/039.ts,provider_explicit,2026-10-05
sv10.5w,rsv10pt5,White Flare,085,reverse,pokeball,true,tcgdex/cards-database,99c994747cf7519a3e51166cc932de79a88bd4b3,data/Scarlet & Violet/White Flare/085.ts,provider_explicit,2026-10-05
sv10.5w,rsv10pt5,White Flare,026,reverse,pokeball,true,tcgdex/cards-database,99c994747cf7519a3e51166cc932de79a88bd4b3,data/Scarlet & Violet/White Flare/026.ts,provider_explicit,2026-10-05
sv10.5w,rsv10pt5,White Flare,025,reverse,pokeball,true,tcgdex/cards-database,99c994747cf7519a3e51166cc932de79a88bd4b3,data/Scarlet & Violet/White Flare/025.ts,provider_explicit,2026-10-05
sv10.5w,rsv10pt5,White Flare,044,reverse,pokeball,true,tcgdex/cards-database,99c994747cf7519a3e51166cc932de79a88bd4b3,data/Scarlet & Violet/White Flare/044.ts,provider_explicit,2026-10-05
sv10.5w,rsv10pt5,White Flare,027,reverse,pokeball,true,tcgdex/cards-database,99c994747cf7519a3e51166cc932de79a88bd4b3,data/Scarlet & Violet/White Flare/027.ts,provider_explicit,2026-10-05
sv10.5w,rsv10pt5,White Flare,022,reverse,pokeball,true,tcgdex/cards-database,99c994747cf7519a3e51166cc932de79a88bd4b3,data/Scarlet & Violet/White Flare/022.ts,provider_explicit,2026-10-05
sv10.5w,rsv10pt5,White Flare,009,reverse,pokeball,true,tcgdex/cards-database,99c994747cf7519a3e51166cc932de79a88bd4b3,data/Scarlet & Violet/White Flare/009.ts,provider_explicit,2026-10-05
sv10.5w,rsv10pt5,White Flare,084,reverse,pokeball,true,tcgdex/cards-database,99c994747cf7519a3e51166cc932de79a88bd4b3,data/Scarlet & Violet/White Flare/084.ts,provider_explicit,2026-10-05
sv10.5w,rsv10pt5,White Flare,050,reverse,pokeball,true,tcgdex/cards-database,99c994747cf7519a3e51166cc932de79a88bd4b3,data/Scarlet & Violet/White Flare/050.ts,provider_explicit,2026-10-05
sv10.5w,rsv10pt5,White Flare,070,reverse,pokeball,true,tcgdex/cards-database,99c994747cf7519a3e51166cc932de79a88bd4b3,data/Scarlet & Violet/White Flare/070.ts,provider_explicit,2026-10-05
sv10.5w,rsv10pt5,White Flare,060,reverse,pokeball,true,tcgdex/cards-database,99c994747cf7519a3e51166cc932de79a88bd4b3,data/Scarlet & Violet/White Flare/060.ts,provider_explicit,2026-10-05
sv10.5w,rsv10pt5,White Flare,053,reverse,pokeball,true,tcgdex/cards-database,99c994747cf7519a3e51166cc932de79a88bd4b3,data/Scarlet & Violet/White Flare/053.ts,provider_explicit,2026-10-05
sv10.5w,rsv10pt5,White Flare,065,reverse,pokeball,true,tcgdex/cards-database,99c994747cf7519a3e51166cc932de79a88bd4b3,data/Scarlet & Violet/White Flare/065.ts,provider_explicit,2026-10-05
sv10.5w,rsv10pt5,White Flare,055,reverse,pokeball,true,tcgdex/cards-database,99c994747cf7519a3e51166cc932de79a88bd4b3,data/Scarlet & Violet/White Flare/055.ts,provider_explicit,2026-10-05
sv10.5w,rsv10pt5,White Flare,035,reverse,pokeball,true,tcgdex/cards-database,99c994747cf7519a3e51166cc932de79a88bd4b3,data/Scarlet & Violet/White Flare/035.ts,provider_explicit,2026-10-05
sv10.5w,rsv10pt5,White Flare,037,reverse,pokeball,true,tcgdex/cards-database,99c994747cf7519a3e51166cc932de79a88bd4b3,data/Scarlet & Violet/White Flare/037.ts,provider_explicit,2026-10-05
sv10.5w,rsv10pt5,White Flare,066,reverse,pokeball,true,tcgdex/cards-database,99c994747cf7519a3e51166cc932de79a88bd4b3,data/Scarlet & Violet/White Flare/066.ts,provider_explicit,2026-10-05
sv10.5w,rsv10pt5,White Flare,072,reverse,pokeball,true,tcgdex/cards-database,99c994747cf7519a3e51166cc932de79a88bd4b3,data/Scarlet & Violet/White Flare/072.ts,provider_explicit,2026-10-05
sv10.5w,rsv10pt5,White Flare,058,reverse,pokeball,true,tcgdex/cards-database,99c994747cf7519a3e51166cc932de79a88bd4b3,data/Scarlet & Violet/White Flare/058.ts,provider_explicit,2026-10-05
sv10.5w,rsv10pt5,White Flare,028,reverse,pokeball,true,tcgdex/cards-database,99c994747cf7519a3e51166cc932de79a88bd4b3,data/Scarlet & Violet/White Flare/028.ts,provider_explicit,2026-10-05
sv10.5w,rsv10pt5,White Flare,002,reverse,pokeball,true,tcgdex/cards-database,99c994747cf7519a3e51166cc932de79a88bd4b3,data/Scarlet & Violet/White Flare/002.ts,provider_explicit,2026-10-05
sv10.5w,rsv10pt5,White Flare,075,reverse,pokeball,true,tcgdex/cards-database,99c994747cf7519a3e51166cc932de79a88bd4b3,data/Scarlet & Violet/White Flare/075.ts,provider_explicit,2026-10-05
sv10.5w,rsv10pt5,White Flare,034,reverse,pokeball,true,tcgdex/cards-database,99c994747cf7519a3e51166cc932de79a88bd4b3,data/Scarlet & Violet/White Flare/034.ts,provider_explicit,2026-10-05
sv10.5w,rsv10pt5,White Flare,007,reverse,pokeball,true,tcgdex/cards-database,99c994747cf7519a3e51166cc932de79a88bd4b3,data/Scarlet & Violet/White Flare/007.ts,provider_explicit,2026-10-05
sv10.5w,rsv10pt5,White Flare,047,reverse,pokeball,true,tcgdex/cards-database,99c994747cf7519a3e51166cc932de79a88bd4b3,data/Scarlet & Violet/White Flare/047.ts,provider_explicit,2026-10-05
sv10.5w,rsv10pt5,White Flare,042,reverse,pokeball,true,tcgdex/cards-database,99c994747cf7519a3e51166cc932de79a88bd4b3,data/Scarlet & Violet/White Flare/042.ts,provider_explicit,2026-10-05
sv10.5w,rsv10pt5,White Flare,048,reverse,pokeball,true,tcgdex/cards-database,99c994747cf7519a3e51166cc932de79a88bd4b3,data/Scarlet & Violet/White Flare/048.ts,provider_explicit,2026-10-05
sv10.5w,rsv10pt5,White Flare,024,reverse,pokeball,true,tcgdex/cards-database,99c994747cf7519a3e51166cc932de79a88bd4b3,data/Scarlet & Violet/White Flare/024.ts,provider_explicit,2026-10-05
sv10.5w,rsv10pt5,White Flare,008,reverse,pokeball,true,tcgdex/cards-database,99c994747cf7519a3e51166cc932de79a88bd4b3,data/Scarlet & Violet/White Flare/008.ts,provider_explicit,2026-10-05
sv10.5w,rsv10pt5,White Flare,046,reverse,pokeball,true,tcgdex/cards-database,99c994747cf7519a3e51166cc932de79a88bd4b3,data/Scarlet & Violet/White Flare/046.ts,provider_explicit,2026-10-05
sv10.5w,rsv10pt5,White Flare,013,reverse,pokeball,true,tcgdex/cards-database,99c994747cf7519a3e51166cc932de79a88bd4b3,data/Scarlet & Violet/White Flare/013.ts,provider_explicit,2026-10-05
sv10.5w,rsv10pt5,White Flare,078,reverse,pokeball,true,tcgdex/cards-database,99c994747cf7519a3e51166cc932de79a88bd4b3,data/Scarlet & Violet/White Flare/078.ts,provider_explicit,2026-10-05
sv10.5w,rsv10pt5,White Flare,083,reverse,pokeball,true,tcgdex/cards-database,99c994747cf7519a3e51166cc932de79a88bd4b3,data/Scarlet & Violet/White Flare/083.ts,provider_explicit,2026-10-05
sv10.5w,rsv10pt5,White Flare,049,reverse,pokeball,true,tcgdex/cards-database,99c994747cf7519a3e51166cc932de79a88bd4b3,data/Scarlet & Violet/White Flare/049.ts,provider_explicit,2026-10-05
sv10.5w,rsv10pt5,White Flare,003,reverse,pokeball,true,tcgdex/cards-database,99c994747cf7519a3e51166cc932de79a88bd4b3,data/Scarlet & Violet/White Flare/003.ts,provider_explicit,2026-10-05
sv10.5w,rsv10pt5,White Flare,054,reverse,pokeball,true,tcgdex/cards-database,99c994747cf7519a3e51166cc932de79a88bd4b3,data/Scarlet & Violet/White Flare/054.ts,provider_explicit,2026-10-05
sv10.5w,rsv10pt5,White Flare,032,reverse,pokeball,true,tcgdex/cards-database,99c994747cf7519a3e51166cc932de79a88bd4b3,data/Scarlet & Violet/White Flare/032.ts,provider_explicit,2026-10-05
sv10.5w,rsv10pt5,White Flare,019,reverse,pokeball,true,tcgdex/cards-database,99c994747cf7519a3e51166cc932de79a88bd4b3,data/Scarlet & Violet/White Flare/019.ts,provider_explicit,2026-10-05
sv10.5w,rsv10pt5,White Flare,029,reverse,pokeball,true,tcgdex/cards-database,99c994747cf7519a3e51166cc932de79a88bd4b3,data/Scarlet & Violet/White Flare/029.ts,provider_explicit,2026-10-05
sv10.5w,rsv10pt5,White Flare,071,reverse,pokeball,true,tcgdex/cards-database,99c994747cf7519a3e51166cc932de79a88bd4b3,data/Scarlet & Violet/White Flare/071.ts,provider_explicit,2026-10-05
sv10.5w,rsv10pt5,White Flare,010,reverse,pokeball,true,tcgdex/cards-database,99c994747cf7519a3e51166cc932de79a88bd4b3,data/Scarlet & Violet/White Flare/010.ts,provider_explicit,2026-10-05
sv10.5w,rsv10pt5,White Flare,073,reverse,pokeball,true,tcgdex/cards-database,99c994747cf7519a3e51166cc932de79a88bd4b3,data/Scarlet & Violet/White Flare/073.ts,provider_explicit,2026-10-05
sv10.5w,rsv10pt5,White Flare,086,reverse,pokeball,true,tcgdex/cards-database,99c994747cf7519a3e51166cc932de79a88bd4b3,data/Scarlet & Violet/White Flare/086.ts,provider_explicit,2026-10-05
sv10.5w,rsv10pt5,White Flare,040,reverse,pokeball,true,tcgdex/cards-database,99c994747cf7519a3e51166cc932de79a88bd4b3,data/Scarlet & Violet/White Flare/040.ts,provider_explicit,2026-10-05
sv10.5w,rsv10pt5,White Flare,069,reverse,pokeball,true,tcgdex/cards-database,99c994747cf7519a3e51166cc932de79a88bd4b3,data/Scarlet & Violet/White Flare/069.ts,provider_explicit,2026-10-05
sv10.5w,rsv10pt5,White Flare,062,reverse,pokeball,true,tcgdex/cards-database,99c994747cf7519a3e51166cc932de79a88bd4b3,data/Scarlet & Violet/White Flare/062.ts,provider_explicit,2026-10-05
sv10.5w,rsv10pt5,White Flare,018,reverse,pokeball,true,tcgdex/cards-database,99c994747cf7519a3e51166cc932de79a88bd4b3,data/Scarlet & Violet/White Flare/018.ts,provider_explicit,2026-10-05
sv10.5w,rsv10pt5,White Flare,064,reverse,pokeball,true,tcgdex/cards-database,99c994747cf7519a3e51166cc932de79a88bd4b3,data/Scarlet & Violet/White Flare/064.ts,provider_explicit,2026-10-05
sv10.5w,rsv10pt5,White Flare,080,reverse,pokeball,true,tcgdex/cards-database,99c994747cf7519a3e51166cc932de79a88bd4b3,data/Scarlet & Violet/White Flare/080.ts,provider_explicit,2026-10-05
sv10.5w,rsv10pt5,White Flare,051,reverse,pokeball,true,tcgdex/cards-database,99c994747cf7519a3e51166cc932de79a88bd4b3,data/Scarlet & Violet/White Flare/051.ts,provider_explicit,2026-10-05
sv10.5w,rsv10pt5,White Flare,076,reverse,pokeball,true,tcgdex/cards-database,99c994747cf7519a3e51166cc932de79a88bd4b3,data/Scarlet & Violet/White Flare/076.ts,provider_explicit,2026-10-05
sv10.5w,rsv10pt5,White Flare,038,reverse,pokeball,true,tcgdex/cards-database,99c994747cf7519a3e51166cc932de79a88bd4b3,data/Scarlet & Violet/White Flare/038.ts,provider_explicit,2026-10-05
sv10.5w,rsv10pt5,White Flare,043,reverse,pokeball,true,tcgdex/cards-database,99c994747cf7519a3e51166cc932de79a88bd4b3,data/Scarlet & Violet/White Flare/043.ts,provider_explicit,2026-10-05
sv10.5w,rsv10pt5,White Flare,023,reverse,pokeball,true,tcgdex/cards-database,99c994747cf7519a3e51166cc932de79a88bd4b3,data/Scarlet & Violet/White Flare/023.ts,provider_explicit,2026-10-05
sv10.5w,rsv10pt5,White Flare,079,reverse,pokeball,true,tcgdex/cards-database,99c994747cf7519a3e51166cc932de79a88bd4b3,data/Scarlet & Violet/White Flare/079.ts,provider_explicit,2026-10-05
sv10.5w,rsv10pt5,White Flare,052,reverse,masterball,true,tcgdex/cards-database,99c994747cf7519a3e51166cc932de79a88bd4b3,data/Scarlet & Violet/White Flare/052.ts,provider_explicit,2026-10-05
sv10.5w,rsv10pt5,White Flare,001,reverse,masterball,true,tcgdex/cards-database,99c994747cf7519a3e51166cc932de79a88bd4b3,data/Scarlet & Violet/White Flare/001.ts,provider_explicit,2026-10-05
sv10.5w,rsv10pt5,White Flare,036,reverse,masterball,true,tcgdex/cards-database,99c994747cf7519a3e51166cc932de79a88bd4b3,data/Scarlet & Violet/White Flare/036.ts,provider_explicit,2026-10-05
sv10.5w,rsv10pt5,White Flare,041,reverse,masterball,true,tcgdex/cards-database,99c994747cf7519a3e51166cc932de79a88bd4b3,data/Scarlet & Violet/White Flare/041.ts,provider_explicit,2026-10-05
sv10.5w,rsv10pt5,White Flare,006,reverse,masterball,true,tcgdex/cards-database,99c994747cf7519a3e51166cc932de79a88bd4b3,data/Scarlet & Violet/White Flare/006.ts,provider_explicit,2026-10-05
sv10.5w,rsv10pt5,White Flare,063,reverse,masterball,true,tcgdex/cards-database,99c994747cf7519a3e51166cc932de79a88bd4b3,data/Scarlet & Violet/White Flare/063.ts,provider_explicit,2026-10-05
sv10.5w,rsv10pt5,White Flare,011,reverse,masterball,true,tcgdex/cards-database,99c994747cf7519a3e51166cc932de79a88bd4b3,data/Scarlet & Violet/White Flare/011.ts,provider_explicit,2026-10-05
sv10.5w,rsv10pt5,White Flare,015,reverse,masterball,true,tcgdex/cards-database,99c994747cf7519a3e51166cc932de79a88bd4b3,data/Scarlet & Violet/White Flare/015.ts,provider_explicit,2026-10-05
sv10.5w,rsv10pt5,White Flare,059,reverse,masterball,true,tcgdex/cards-database,99c994747cf7519a3e51166cc932de79a88bd4b3,data/Scarlet & Violet/White Flare/059.ts,provider_explicit,2026-10-05
sv10.5w,rsv10pt5,White Flare,021,reverse,masterball,true,tcgdex/cards-database,99c994747cf7519a3e51166cc932de79a88bd4b3,data/Scarlet & Violet/White Flare/021.ts,provider_explicit,2026-10-05
sv10.5w,rsv10pt5,White Flare,068,reverse,masterball,true,tcgdex/cards-database,99c994747cf7519a3e51166cc932de79a88bd4b3,data/Scarlet & Violet/White Flare/068.ts,provider_explicit,2026-10-05
sv10.5w,rsv10pt5,White Flare,057,reverse,masterball,true,tcgdex/cards-database,99c994747cf7519a3e51166cc932de79a88bd4b3,data/Scarlet & Violet/White Flare/057.ts,provider_explicit,2026-10-05
sv10.5w,rsv10pt5,White Flare,031,reverse,masterball,true,tcgdex/cards-database,99c994747cf7519a3e51166cc932de79a88bd4b3,data/Scarlet & Violet/White Flare/031.ts,provider_explicit,2026-10-05
sv10.5w,rsv10pt5,White Flare,004,reverse,masterball,true,tcgdex/cards-database,99c994747cf7519a3e51166cc932de79a88bd4b3,data/Scarlet & Violet/White Flare/004.ts,provider_explicit,2026-10-05
sv10.5w,rsv10pt5,White Flare,012,reverse,masterball,true,tcgdex/cards-database,99c994747cf7519a3e51166cc932de79a88bd4b3,data/Scarlet & Violet/White Flare/012.ts,provider_explicit,2026-10-05
sv10.5w,rsv10pt5,White Flare,014,reverse,masterball,true,tcgdex/cards-database,99c994747cf7519a3e51166cc932de79a88bd4b3,data/Scarlet & Violet/White Flare/014.ts,provider_explicit,2026-10-05
sv10.5w,rsv10pt5,White Flare,061,reverse,masterball,true,tcgdex/cards-database,99c994747cf7519a3e51166cc932de79a88bd4b3,data/Scarlet & Violet/White Flare/061.ts,provider_explicit,2026-10-05
sv10.5w,rsv10pt5,White Flare,017,reverse,masterball,true,tcgdex/cards-database,99c994747cf7519a3e51166cc932de79a88bd4b3,data/Scarlet & Violet/White Flare/017.ts,provider_explicit,2026-10-05
sv10.5w,rsv10pt5,White Flare,033,reverse,masterball,true,tcgdex/cards-database,99c994747cf7519a3e51166cc932de79a88bd4b3,data/Scarlet & Violet/White Flare/033.ts,provider_explicit,2026-10-05
sv10.5w,rsv10pt5,White Flare,074,reverse,masterball,true,tcgdex/cards-database,99c994747cf7519a3e51166cc932de79a88bd4b3,data/Scarlet & Violet/White Flare/074.ts,provider_explicit,2026-10-05
sv10.5w,rsv10pt5,White Flare,016,reverse,masterball,true,tcgdex/cards-database,99c994747cf7519a3e51166cc932de79a88bd4b3,data/Scarlet & Violet/White Flare/016.ts,provider_explicit,2026-10-05
sv10.5w,rsv10pt5,White Flare,056,reverse,masterball,true,tcgdex/cards-database,99c994747cf7519a3e51166cc932de79a88bd4b3,data/Scarlet & Violet/White Flare/056.ts,provider_explicit,2026-10-05
sv10.5w,rsv10pt5,White Flare,039,reverse,masterball,true,tcgdex/cards-database,99c994747cf7519a3e51166cc932de79a88bd4b3,data/Scarlet & Violet/White Flare/039.ts,provider_explicit,2026-10-05
sv10.5w,rsv10pt5,White Flare,026,reverse,masterball,true,tcgdex/cards-database,99c994747cf7519a3e51166cc932de79a88bd4b3,data/Scarlet & Violet/White Flare/026.ts,provider_explicit,2026-10-05
sv10.5w,rsv10pt5,White Flare,025,reverse,masterball,true,tcgdex/cards-database,99c994747cf7519a3e51166cc932de79a88bd4b3,data/Scarlet & Violet/White Flare/025.ts,provider_explicit,2026-10-05
sv10.5w,rsv10pt5,White Flare,044,reverse,masterball,true,tcgdex/cards-database,99c994747cf7519a3e51166cc932de79a88bd4b3,data/Scarlet & Violet/White Flare/044.ts,provider_explicit,2026-10-05
sv10.5w,rsv10pt5,White Flare,027,reverse,masterball,true,tcgdex/cards-database,99c994747cf7519a3e51166cc932de79a88bd4b3,data/Scarlet & Violet/White Flare/027.ts,provider_explicit,2026-10-05
sv10.5w,rsv10pt5,White Flare,022,reverse,masterball,true,tcgdex/cards-database,99c994747cf7519a3e51166cc932de79a88bd4b3,data/Scarlet & Violet/White Flare/022.ts,provider_explicit,2026-10-05
sv10.5w,rsv10pt5,White Flare,009,reverse,masterball,true,tcgdex/cards-database,99c994747cf7519a3e51166cc932de79a88bd4b3,data/Scarlet & Violet/White Flare/009.ts,provider_explicit,2026-10-05
sv10.5w,rsv10pt5,White Flare,050,reverse,masterball,true,tcgdex/cards-database,99c994747cf7519a3e51166cc932de79a88bd4b3,data/Scarlet & Violet/White Flare/050.ts,provider_explicit,2026-10-05
sv10.5w,rsv10pt5,White Flare,070,reverse,masterball,true,tcgdex/cards-database,99c994747cf7519a3e51166cc932de79a88bd4b3,data/Scarlet & Violet/White Flare/070.ts,provider_explicit,2026-10-05
sv10.5w,rsv10pt5,White Flare,060,reverse,masterball,true,tcgdex/cards-database,99c994747cf7519a3e51166cc932de79a88bd4b3,data/Scarlet & Violet/White Flare/060.ts,provider_explicit,2026-10-05
sv10.5w,rsv10pt5,White Flare,053,reverse,masterball,true,tcgdex/cards-database,99c994747cf7519a3e51166cc932de79a88bd4b3,data/Scarlet & Violet/White Flare/053.ts,provider_explicit,2026-10-05
sv10.5w,rsv10pt5,White Flare,065,reverse,masterball,true,tcgdex/cards-database,99c994747cf7519a3e51166cc932de79a88bd4b3,data/Scarlet & Violet/White Flare/065.ts,provider_explicit,2026-10-05
sv10.5w,rsv10pt5,White Flare,055,reverse,masterball,true,tcgdex/cards-database,99c994747cf7519a3e51166cc932de79a88bd4b3,data/Scarlet & Violet/White Flare/055.ts,provider_explicit,2026-10-05
sv10.5w,rsv10pt5,White Flare,035,reverse,masterball,true,tcgdex/cards-database,99c994747cf7519a3e51166cc932de79a88bd4b3,data/Scarlet & Violet/White Flare/035.ts,provider_explicit,2026-10-05
sv10.5w,rsv10pt5,White Flare,037,reverse,masterball,true,tcgdex/cards-database,99c994747cf7519a3e51166cc932de79a88bd4b3,data/Scarlet & Violet/White Flare/037.ts,provider_explicit,2026-10-05
sv10.5w,rsv10pt5,White Flare,066,reverse,masterball,true,tcgdex/cards-database,99c994747cf7519a3e51166cc932de79a88bd4b3,data/Scarlet & Violet/White Flare/066.ts,provider_explicit,2026-10-05
sv10.5w,rsv10pt5,White Flare,072,reverse,masterball,true,tcgdex/cards-database,99c994747cf7519a3e51166cc932de79a88bd4b3,data/Scarlet & Violet/White Flare/072.ts,provider_explicit,2026-10-05
sv10.5w,rsv10pt5,White Flare,058,reverse,masterball,true,tcgdex/cards-database,99c994747cf7519a3e51166cc932de79a88bd4b3,data/Scarlet & Violet/White Flare/058.ts,provider_explicit,2026-10-05
sv10.5w,rsv10pt5,White Flare,028,reverse,masterball,true,tcgdex/cards-database,99c994747cf7519a3e51166cc932de79a88bd4b3,data/Scarlet & Violet/White Flare/028.ts,provider_explicit,2026-10-05
sv10.5w,rsv10pt5,White Flare,002,reverse,masterball,true,tcgdex/cards-database,99c994747cf7519a3e51166cc932de79a88bd4b3,data/Scarlet & Violet/White Flare/002.ts,provider_explicit,2026-10-05
sv10.5w,rsv10pt5,White Flare,075,reverse,masterball,true,tcgdex/cards-database,99c994747cf7519a3e51166cc932de79a88bd4b3,data/Scarlet & Violet/White Flare/075.ts,provider_explicit,2026-10-05
sv10.5w,rsv10pt5,White Flare,034,reverse,masterball,true,tcgdex/cards-database,99c994747cf7519a3e51166cc932de79a88bd4b3,data/Scarlet & Violet/White Flare/034.ts,provider_explicit,2026-10-05
sv10.5w,rsv10pt5,White Flare,007,reverse,masterball,true,tcgdex/cards-database,99c994747cf7519a3e51166cc932de79a88bd4b3,data/Scarlet & Violet/White Flare/007.ts,provider_explicit,2026-10-05
sv10.5w,rsv10pt5,White Flare,047,reverse,masterball,true,tcgdex/cards-database,99c994747cf7519a3e51166cc932de79a88bd4b3,data/Scarlet & Violet/White Flare/047.ts,provider_explicit,2026-10-05
sv10.5w,rsv10pt5,White Flare,042,reverse,masterball,true,tcgdex/cards-database,99c994747cf7519a3e51166cc932de79a88bd4b3,data/Scarlet & Violet/White Flare/042.ts,provider_explicit,2026-10-05
sv10.5w,rsv10pt5,White Flare,024,reverse,masterball,true,tcgdex/cards-database,99c994747cf7519a3e51166cc932de79a88bd4b3,data/Scarlet & Violet/White Flare/024.ts,provider_explicit,2026-10-05
sv10.5w,rsv10pt5,White Flare,048,reverse,masterball,true,tcgdex/cards-database,99c994747cf7519a3e51166cc932de79a88bd4b3,data/Scarlet & Violet/White Flare/048.ts,provider_explicit,2026-10-05
sv10.5w,rsv10pt5,White Flare,008,reverse,masterball,true,tcgdex/cards-database,99c994747cf7519a3e51166cc932de79a88bd4b3,data/Scarlet & Violet/White Flare/008.ts,provider_explicit,2026-10-05
sv10.5w,rsv10pt5,White Flare,046,reverse,masterball,true,tcgdex/cards-database,99c994747cf7519a3e51166cc932de79a88bd4b3,data/Scarlet & Violet/White Flare/046.ts,provider_explicit,2026-10-05
sv10.5w,rsv10pt5,White Flare,013,reverse,masterball,true,tcgdex/cards-database,99c994747cf7519a3e51166cc932de79a88bd4b3,data/Scarlet & Violet/White Flare/013.ts,provider_explicit,2026-10-05
sv10.5w,rsv10pt5,White Flare,078,reverse,masterball,true,tcgdex/cards-database,99c994747cf7519a3e51166cc932de79a88bd4b3,data/Scarlet & Violet/White Flare/078.ts,provider_explicit,2026-10-05
sv10.5w,rsv10pt5,White Flare,049,reverse,masterball,true,tcgdex/cards-database,99c994747cf7519a3e51166cc932de79a88bd4b3,data/Scarlet & Violet/White Flare/049.ts,provider_explicit,2026-10-05
sv10.5w,rsv10pt5,White Flare,003,reverse,masterball,true,tcgdex/cards-database,99c994747cf7519a3e51166cc932de79a88bd4b3,data/Scarlet & Violet/White Flare/003.ts,provider_explicit,2026-10-05
sv10.5w,rsv10pt5,White Flare,054,reverse,masterball,true,tcgdex/cards-database,99c994747cf7519a3e51166cc932de79a88bd4b3,data/Scarlet & Violet/White Flare/054.ts,provider_explicit,2026-10-05
sv10.5w,rsv10pt5,White Flare,032,reverse,masterball,true,tcgdex/cards-database,99c994747cf7519a3e51166cc932de79a88bd4b3,data/Scarlet & Violet/White Flare/032.ts,provider_explicit,2026-10-05
sv10.5w,rsv10pt5,White Flare,019,reverse,masterball,true,tcgdex/cards-database,99c994747cf7519a3e51166cc932de79a88bd4b3,data/Scarlet & Violet/White Flare/019.ts,provider_explicit,2026-10-05
sv10.5w,rsv10pt5,White Flare,029,reverse,masterball,true,tcgdex/cards-database,99c994747cf7519a3e51166cc932de79a88bd4b3,data/Scarlet & Violet/White Flare/029.ts,provider_explicit,2026-10-05
sv10.5w,rsv10pt5,White Flare,071,reverse,masterball,true,tcgdex/cards-database,99c994747cf7519a3e51166cc932de79a88bd4b3,data/Scarlet & Violet/White Flare/071.ts,provider_explicit,2026-10-05
sv10.5w,rsv10pt5,White Flare,010,reverse,masterball,true,tcgdex/cards-database,99c994747cf7519a3e51166cc932de79a88bd4b3,data/Scarlet & Violet/White Flare/010.ts,provider_explicit,2026-10-05
sv10.5w,rsv10pt5,White Flare,073,reverse,masterball,true,tcgdex/cards-database,99c994747cf7519a3e51166cc932de79a88bd4b3,data/Scarlet & Violet/White Flare/073.ts,provider_explicit,2026-10-05
sv10.5w,rsv10pt5,White Flare,040,reverse,masterball,true,tcgdex/cards-database,99c994747cf7519a3e51166cc932de79a88bd4b3,data/Scarlet & Violet/White Flare/040.ts,provider_explicit,2026-10-05
sv10.5w,rsv10pt5,White Flare,069,reverse,masterball,true,tcgdex/cards-database,99c994747cf7519a3e51166cc932de79a88bd4b3,data/Scarlet & Violet/White Flare/069.ts,provider_explicit,2026-10-05
sv10.5w,rsv10pt5,White Flare,062,reverse,masterball,true,tcgdex/cards-database,99c994747cf7519a3e51166cc932de79a88bd4b3,data/Scarlet & Violet/White Flare/062.ts,provider_explicit,2026-10-05
sv10.5w,rsv10pt5,White Flare,018,reverse,masterball,true,tcgdex/cards-database,99c994747cf7519a3e51166cc932de79a88bd4b3,data/Scarlet & Violet/White Flare/018.ts,provider_explicit,2026-10-05
sv10.5w,rsv10pt5,White Flare,064,reverse,masterball,true,tcgdex/cards-database,99c994747cf7519a3e51166cc932de79a88bd4b3,data/Scarlet & Violet/White Flare/064.ts,provider_explicit,2026-10-05
sv10.5w,rsv10pt5,White Flare,051,reverse,masterball,true,tcgdex/cards-database,99c994747cf7519a3e51166cc932de79a88bd4b3,data/Scarlet & Violet/White Flare/051.ts,provider_explicit,2026-10-05
sv10.5w,rsv10pt5,White Flare,076,reverse,masterball,true,tcgdex/cards-database,99c994747cf7519a3e51166cc932de79a88bd4b3,data/Scarlet & Violet/White Flare/076.ts,provider_explicit,2026-10-05
sv10.5w,rsv10pt5,White Flare,038,reverse,masterball,true,tcgdex/cards-database,99c994747cf7519a3e51166cc932de79a88bd4b3,data/Scarlet & Violet/White Flare/038.ts,provider_explicit,2026-10-05
sv10.5w,rsv10pt5,White Flare,043,reverse,masterball,true,tcgdex/cards-database,99c994747cf7519a3e51166cc932de79a88bd4b3,data/Scarlet & Violet/White Flare/043.ts,provider_explicit,2026-10-05
sv10.5w,rsv10pt5,White Flare,023,reverse,masterball,true,tcgdex/cards-database,99c994747cf7519a3e51166cc932de79a88bd4b3,data/Scarlet & Violet/White Flare/023.ts,provider_explicit,2026-10-05
